,tractid,year,ID,annual_id,Business_name,NEW_CATEGORY_1,symbol_1,symbol_2,symbol_3,symbol_4,symbol_5,symbol_6,symbol_7,symbol_8,symbol_9,symbol_10,symbol_11,symbol_12,symbol_13,symbol_14,symbol_15,symbol_16,symbol_17,symbol_18,symbol_19,symbol_20,symbol_21,symbol_22,symbol_23,symbol_24,symbol_25,symbol_26,symbol_27,symbol_28,symbol_29,symbol_30,symbol_31,symbol_32,symbol_33,symbol_34,symbol_35,symbol_36,phone_1,phone_2,phone_3,phone_4,phone_5,phone_6,address,harmonized_address,NEW_CITY,NEW_COUNTY,State,NEW_STATE,ZIP,FIPS,Area,Email,www,Fax,Location,Text,_ALL_M_,_ALL_W_,_ACC_PRE_HELP_,_ACC_PRE_LAVE_,_AFRICAN_,_ASIAN_,_ASK_ABOUT_PETS_,_B_R_,_BISE1UAL_P_,_BISE1UAL_W_,_CAFE_,_CALL_AHEAD_,_CLOTH_OPT_,_COUNTRY_,_DANCING_,_DIVERSE_,_IND_SMO_AREA_,_INTERNET_,_KARAOKE_,_LATIN_,_LEATHER_,_NO_SMOKE_,_PEOPLE_COLOR_,_PETS_WEL_,_PREMISES_,_PREMISES_HELP_,_PRIV_CLUB_,_REST_,_SPORT_BAR_,_TRANSSE1UAL_,_TWO_SPIRIT_,_VIDEO_BAR_,_WESTERN_,_GBTQI_M_1,_GLBTQI_P_1,geocoded_county,match_distance,geocode_type,geoauth,geometry,geometry_location_type,STATEFP10,COUNTYFP10,TRACTCE10,NAME10,NAMELSAD10,AWATER10,INTPTLAT10,INTPTLON10,GISJOIN,Shape_area,Shape_len,hhi_biz,gayown,gayaud,core,exploit,entrep,waffle,countyfips,cbsa,cbsa_name,micropolitan,outlying,city_fips,city,citypop10,in_pc,gentiable_free90,gentiable_free00,gentiable_free10,gent_free9000,gent_free0010,gent_free9010,gent_free9018,gent_free9019,gent_free0018,gent_free0019,gent_free1018,gent_free1019,gent_ellen9000,gent_ellen9010,gent_ellen9018,gent_ellen9019,gent_ellen0010,gent_ellen0018,gent_ellen0019,gent_ellen1018,gent_ellen1019,asian,col,hhs,hinc,hisp,hu,mhmval,mrent,msa_college,msa_income,nhblk,nhwht,othrace,p20old,pasian,pcol,phisp,pnhblk,pnhwht,pop,pothrace,ppov,prenter,punemp,same_female_pct,same_male_pct,same_female,same_male,same_sex_pct,same_sex,unemp,gayown_neigh,gayaud_neigh,core_neigh,exploit_neigh,entrep_neigh,waffle_neigh,total_biz,pct_gayown,pct_gayaud,pct_core,pct_exploit,pct_entrep,pct_waffle,ALAND10,popdens,org_cat,pct_economy,pct_religion,pct_movement,pct_health,pct_cultural,pct_law,hhi_domain,diffloc_tel,dup_tract,relocated,before_tract,bar,bar2,rac_min,gen_min,non_main,top25,top26to50,gayborhood91,gayborhood_spring91
1,25011041300,2018,1000_000017,2018_216_06712,WORLD EYE BOOKSHOP,BOOKSTORES,0,0,0,1,0,0,0,0,0,0,1,0,0,0,0,0,0,0,0,0,0,0,0,0,0,0,0,0,0,0,0,0,0,0,0,0,4137722186,NA,NA,NA,NA,NA,"134 Main St, Greenfield, Massachusetts",NA,NA,Franklin County,MASSACHUSETTS,MA,NA,NA,NA,NA,NA,NA,NA,NA,NA,NA,NA,NA,NA,NA,NA,NA,NA,NA,NA,NA,NA,NA,NA,NA,NA,NA,NA,NA,NA,NA,NA,NA,NA,NA,NA,NA,NA,NA,NA,NA,NA,NA,NA,NA,NA,NA,NA,"c(1889274.03042213, 803597.272566717)",ROOFTOP,25,11,41300,413,Census Tract 413,25299,42.5898923,-72.6024994,G2500110041300,2401404.877,7900.887332,0.375,0,0,0,0,0,1,25011,24640,"Greenfield Town, MA",Micropolitan Statistical Area,Central,2527100,Greenfield Town,17456,1,NA,NA,NA,0,NA,0,0,0,NA,NA,0,0,NA,NA,NA,NA,NA,NA,NA,NA,NA,0,997,2453,25138.5728,326,2588,116082.56,654.368,32.72257095,46093.8368,105,4024,149,100,0,28.45319635,7.080799305,2.280625543,87.40225891,4604,3.236316247,16.69588081,70.36282104,10.23076923,0,0,0,0,0,0,266,1,1,1,0,0,3,4,25,25,25,0,0,75,2376111,0.00193762,economy,75,0,25,0,0,0,62.5,1,NA,0,25011041300,0,0,0,0,0,0,0,0,0
2,25011041300,2019,1000_000017,2019_284_14761,WORLD EYE BOOKSHOP,BOOKSTORES,0,0,0,1,0,0,0,0,1,0,0,0,0,0,0,0,0,0,0,0,0,0,0,0,0,0,0,0,0,0,0,0,0,0,0,0,4137722186,NA,NA,NA,NA,NA,"134 Main St, Greenfield, Massachusetts",NA,NA,Franklin County,MASSACHUSETTS,MA,NA,NA,NA,NA,NA,NA,NA,NA,NA,NA,NA,NA,NA,NA,NA,NA,NA,NA,NA,NA,NA,NA,NA,NA,NA,NA,NA,NA,NA,NA,NA,NA,NA,NA,NA,NA,NA,NA,NA,NA,NA,NA,NA,NA,NA,NA,NA,"c(1889274.03042213, 803597.272566717)",ROOFTOP,25,11,41300,413,Census Tract 413,25299,42.5898923,-72.6024994,G2500110041300,2401404.877,7900.887332,0.25,0,0,0,0,0,1,25011,24640,"Greenfield Town, MA",Micropolitan Statistical Area,Central,2527100,Greenfield Town,17456,1,NA,NA,NA,0,NA,0,0,0,NA,NA,0,0,NA,NA,NA,NA,NA,NA,NA,NA,NA,0,979,4656,29656.4808,271,2682,114342.16,702.62,NA,NA,105,4188,161,99.32885906,0,26.86608123,5.735449735,2.222222222,88.63492063,4725,3.407407407,15.83191851,68.16390859,8.012326656,0,0,0,0,0,0,208,2,2,2,0,0,2,4,50,50,50,0,0,50,2376111,0.001988543,economy,75,0,25,0,0,0,62.5,1,NA,0,25011041300,0,0,0,0,0,0,0,0,0
3,25001010100,2019,1000_000018,2019_026_04081,WOMENCRAFTS,"GIFTS, CARDS, PRIDE, ETC.",0,0,1,0,0,0,0,0,0,0,0,0,0,0,0,0,0,0,0,0,0,0,0,0,0,0,0,0,0,0,0,0,0,0,0,0,5084872501,NA,NA,NA,NA,NA,"376 Commercial St, Provincetown, Massachusett",NA,NA,Barnstable County,MASSACHUSETTS,MA,NA,NA,NA,NA,NA,NA,NA,NA,NA,NA,NA,NA,NA,NA,NA,NA,NA,NA,NA,NA,NA,NA,NA,NA,NA,NA,NA,NA,NA,NA,NA,NA,NA,NA,NA,NA,NA,NA,NA,NA,NA,NA,NA,NA,NA,NA,NA,"c(2096188.22878562, 796652.144405837)",ROOFTOP,25,1,10100,101,Census Tract 101,12766243,42.0598291,-70.2004073,G2500010010100,26092278.86,42758.21702,0.363875433,1,1,1,0,0,0,25001,12700,"Barnstable Town, MA",Metropolitan Statistical Area,Central,NA,NA,NA,0,0,0,0,0,0,0,0,0,0,0,0,0,0,0,0,0,0,0,0,0,0,35,1480,2961,43682.9948,124,4680,445165.24,923.0208,37.34418619,54978.9056,57,2662,95,87.92735043,1.177262025,54.7742413,4.170871174,1.917255298,89.53918601,2973,3.195425496,10.47812818,21.4453584,7.373020208,0.008389058,0.022681527,24.84,67.16,3.107058426,92,135,24,24,24,0,0,61,85,28.23529412,28.23529412,28.23529412,0,0,71.76470588,25047886,0.000118693,economy,91.76470588,0,2.352941176,3.529411765,2.352941176,0,84.44290657,0,NA,0,NA,0,0,0,0,0,0,0,0,1
4,17031030800,2018,1000_000034,2018_019_00422,WOMEN  CHILDREN FIRST,BOOKSTORES,1,0,0,0,0,0,0,0,0,0,0,0,0,0,0,0,0,0,0,0,0,0,0,0,0,0,0,0,0,0,0,0,0,0,0,0,7737699299,NA,NA,NA,NA,NA,"5233 N Clark St, Chicago, Illinois",NA,NA,Cook County,ILLINOIS,IL,NA,NA,NA,NA,NA,NA,NA,NA,NA,NA,NA,NA,NA,NA,NA,NA,NA,NA,NA,NA,NA,NA,NA,NA,NA,NA,NA,NA,NA,NA,NA,NA,NA,NA,NA,NA,NA,NA,NA,NA,NA,NA,NA,NA,NA,NA,NA,"c(684776.275069693, 531620.959298623)",ROOFTOP,17,31,30800,308,Census Tract 308,0,41.9799123,-87.664188,G1700310030800,567411.7437,3054.542889,0.224489796,1,1,1,0,0,0,17031,16980,"Chicago-Naperville-Elgin, IL-IN-WI",Metropolitan Statistical Area,Central,1714000,Chicago,2695598,1,1,0,0,1,0,1,0,0,0,0,0,0,0,0,0,0,0,0,0,0,0,398,2675,1949,69919.0272,612,2149,381159.68,1074.8672,32.89034301,53212.896,169,3147,66,99.44160074,9.061930783,73.69146006,13.93442623,3.847905282,71.65300546,4392,1.50273224,8.868283405,55.36172396,4.924971143,1.282709082,4.669061057,25,91,5.951770139,116,128,2,2,2,0,0,5,7,28.57142857,28.57142857,28.57142857,0,0,71.42857143,567414,0.00774038,economy,57.14285714,0,28.57142857,0,14.28571429,0,42.85714286,0,NA,0,NA,0,0,0,0,0,1,0,0,0
5,17031030800,2019,1000_000034,2019_021_03387,WOMEN  CHILDREN FIRST,BOOKSTORES,0,0,1,0,0,0,0,0,0,0,0,0,0,0,0,0,0,0,0,0,0,0,0,0,0,0,0,0,0,0,0,0,0,0,0,0,7737699299,NA,NA,NA,NA,NA,"5233 N Clark St, Chicago, Illinois",NA,NA,Cook County,ILLINOIS,IL,NA,NA,NA,NA,NA,NA,NA,NA,NA,NA,NA,NA,NA,NA,NA,NA,NA,NA,NA,NA,NA,NA,NA,NA,NA,NA,NA,NA,NA,NA,NA,NA,NA,NA,NA,NA,NA,NA,NA,NA,NA,NA,NA,NA,NA,NA,NA,"c(684776.275069693, 531620.959298623)",ROOFTOP,17,31,30800,308,Census Tract 308,0,41.9799123,-87.664188,G1700310030800,567411.7437,3054.542889,0.18,1,1,1,0,0,0,17031,16980,"Chicago-Naperville-Elgin, IL-IN-WI",Metropolitan Statistical Area,Central,1714000,Chicago,2695598,1,1,0,0,1,0,1,0,0,0,0,0,0,0,0,0,0,0,0,0,0,0,398,2666,3975,70770.8448,469,2184,399975.68,1037.6588,32.6952631,53081.092,126,3086,90,99.26739927,9.546653874,75.97606156,11.24970017,3.022307508,74.02254737,4169,2.158791077,8.247681123,55.12820513,3.150211295,0.005096508,0.01855129,20.25862069,73.74137931,2.364779874,94,82,6,6,6,0,0,4,10,60,60,60,0,0,40,567414,0.007347369,economy,70,0,20,0,10,0,54,0,NA,0,NA,0,0,0,0,0,1,0,0,0
6,6045010400,2019,1000_000038,2019_133_00492,WINDSONG USED BOOKS  RECORDS,BOOKSTORES: USED,0,1,0,0,0,0,0,0,0,0,0,0,0,0,0,0,0,0,0,0,0,0,0,0,0,0,0,0,0,0,0,0,0,0,0,0,7079642050,NA,NA,NA,NA,NA,"324 N Main St, Fort Bragg, California",NA,NA,Mendocino County,CALIFORNIA,CA,NA,NA,NA,NA,NA,NA,NA,NA,NA,NA,NA,NA,NA,NA,NA,NA,NA,NA,NA,NA,NA,NA,NA,NA,NA,NA,NA,NA,NA,NA,NA,NA,NA,NA,NA,NA,NA,NA,NA,NA,NA,NA,NA,NA,NA,NA,NA,"c(-2337504.88995034, 562399.180352119)",ROOFTOP,6,45,10400,104,Census Tract 104,2669928,39.4499078,-123.8051687,G0600450010400,7281087.335,20036.13713,0.25,0,0,0,0,0,1,6045,46380,"Ukiah, CA",Micropolitan Statistical Area,Central,NA,NA,NA,0,0,0,0,0,0,0,0,0,0,0,0,0,0,0,0,0,0,0,0,0,0,60,628,3152,36871.2788,616,1601,264702.84,832.7896,21.02253044,38027.2736,33,2390,177,90.56839475,1.831501832,26.64403903,18.8034188,1.007326007,72.95482295,3276,5.402930403,17.91819292,54.08163265,8.141702921,0.00285533,0,9,0,0.285532995,9,131,2,2,2,0,0,2,4,50,50,50,0,0,50,7114083,0.000460495,economy,100,0,0,0,0,0,100,0,NA,0,NA,0,0,0,0,0,0,0,0,0
7,6081612500,2018,1000_000072,2018_119_03572,KEPLERS BOOKS,BOOKSTORES,0,0,1,0,0,0,0,0,0,0,0,0,0,0,0,0,0,0,1,0,0,0,0,0,0,0,0,0,0,0,0,0,0,0,0,0,6503244321,NA,NA,NA,NA,NA,"1010 El Camino Real, Menlo Park, California",NA,NA,San Mateo County,CALIFORNIA,CA,NA,NA,NA,NA,NA,NA,NA,NA,NA,NA,NA,NA,NA,NA,NA,NA,NA,NA,NA,NA,NA,NA,NA,NA,NA,NA,NA,NA,NA,NA,NA,NA,NA,NA,NA,NA,NA,NA,NA,NA,NA,NA,NA,NA,NA,NA,NA,"c(-2265297.39899168, 308843.254127938)",ROOFTOP,6,81,612500,6125,Census Tract 6125,0,37.455699,-122.177794,G0600810612500,1988514.814,8737.086106,1,1,1,1,0,0,0,6081,41860,"San Francisco-Oakland-Hayward, CA",Metropolitan Statistical Area,Central,NA,NA,NA,0,0,0,0,0,0,0,0,0,0,0,0,0,0,0,0,0,0,0,0,0,0,524,2674,1824,116952.2112,541,2102,1507292.16,1780.3456,42.81511068,77124.0448,51,3054,284,86.77450048,11.76470588,84.53999368,12.14638527,1.145038168,68.5675797,4454,6.376290974,4.939380332,57.62061404,2.026468156,0,0,0,0,0,0,49,1,1,1,0,0,0,1,100,100,100,0,0,0,1988515,0.002239862,economy,100,0,0,0,0,0,100,0,NA,0,NA,0,0,0,0,1,1,0,0,0
8,6081612500,2019,1000_000072,2019_152_00764,KEPLERS BOOKS,BOOKSTORES,0,0,0,0,0,0,0,0,0,0,0,0,0,0,0,0,0,0,0,0,0,0,0,0,0,0,0,0,0,0,0,0,0,0,0,0,6503244321,NA,NA,NA,NA,NA,"1010 El Camino Real, Menlo Park, California",NA,NA,San Mateo County,CALIFORNIA,CA,NA,NA,NA,NA,NA,NA,NA,NA,NA,NA,NA,NA,NA,NA,NA,NA,NA,NA,NA,NA,NA,NA,NA,NA,NA,NA,NA,NA,NA,NA,NA,NA,NA,NA,NA,NA,NA,NA,NA,NA,NA,NA,NA,NA,NA,NA,NA,"c(-2265297.39899168, 308843.254127938)",ROOFTOP,6,81,612500,6125,Census Tract 6125,0,37.455699,-122.177794,G0600810612500,1988514.814,8737.086106,1,0,0,0,0,0,1,6081,41860,"San Francisco-Oakland-Hayward, CA",Metropolitan Statistical Area,Central,NA,NA,NA,0,0,0,0,0,0,0,0,0,0,0,0,0,0,0,0,0,0,0,0,0,0,624,2702,4443,113676.52,478,2159,1479200.74,1797.228,42.72430534,78416.09,144,3061,163,87.30893932,13.95973154,84.78192658,10.6935123,3.22147651,68.4787472,4470,3.646532438,4.407158837,61.39784946,2.154993784,0.001350439,0.001350439,6,6,0.270087779,12,52,0,0,0,0,0,1,1,0,0,0,0,0,100,1988515,0.002247909,economy,100,0,0,0,0,0,100,0,NA,0,NA,0,0,0,0,0,1,0,0,0
9,6087100700,2018,1000_000078,2018_126_03838,BOOKSHOP SANTA CRUZ,BOOKSTORES,0,0,0,0,0,0,0,0,0,0,0,0,0,0,0,0,0,0,0,0,0,0,0,0,0,0,0,0,0,0,0,0,0,0,0,0,8314230900,NA,NA,NA,NA,NA,"1520 Pacific Ave, Santa Cruz, California",NA,NA,Santa Cruz County,CALIFORNIA,CA,NA,NA,NA,NA,NA,NA,NA,NA,NA,NA,NA,NA,NA,NA,NA,NA,NA,NA,NA,NA,NA,NA,NA,NA,NA,NA,NA,NA,NA,NA,NA,NA,NA,NA,NA,NA,NA,NA,NA,NA,NA,NA,NA,NA,NA,NA,NA,"c(-2266671.75280056, 253561.466568569)",ROOFTOP,6,87,100700,1007,Census Tract 1007,0,36.9772909,-122.0288693,G0600870100700,940252.4486,4261.507272,0.166666667,0,0,0,0,0,1,6087,42100,"Santa Cruz-Watsonville, CA",Metropolitan Statistical Area,Central,669112,Santa Cruz,59946,1,NA,NA,0,0,NA,NA,NA,0,NA,NA,0,0,NA,NA,NA,NA,NA,NA,NA,0,0,52,770,1017,36461.0752,319,1107,467660.16,998.976,35.23148743,60434.9504,0,1463,102,83.19783198,2.685950413,55.67606652,16.47727273,0,75.56818182,1936,5.268595041,20.45454545,56.93215339,12.17895609,0,0,0,0,0,0,147,2,2,2,0,0,4,6,33.33333333,33.33333333,33.33333333,0,0,66.66666667,940250,0.002059027,economy,33.33333333,0,33.33333333,16.66666667,0,16.66666667,27.77777778,0,NA,0,NA,0,0,0,0,0,0,0,0,0
10,6087100700,2019,1000_000078,2019_160_01375,BOOKSHOP SANTA CRUZ,BOOKSTORES,0,1,0,0,0,0,0,0,0,0,0,0,0,0,0,0,0,0,0,0,0,0,0,0,0,0,0,1,0,0,0,0,0,0,0,0,8314230900,NA,NA,NA,NA,NA,"1520 Pacific Ave, Santa Cruz, California",NA,NA,Santa Cruz County,CALIFORNIA,CA,NA,NA,NA,NA,NA,NA,NA,NA,NA,NA,NA,NA,NA,NA,NA,NA,NA,NA,NA,NA,NA,NA,NA,NA,NA,NA,NA,NA,NA,NA,NA,NA,NA,NA,NA,NA,NA,NA,NA,NA,NA,NA,NA,NA,NA,NA,NA,"c(-2266671.75280056, 253561.466568569)",ROOFTOP,6,87,100700,1007,Census Tract 1007,0,36.9772909,-122.0288693,G0600870100700,940252.4486,4261.507272,0.160493827,0,0,0,0,0,1,6087,42100,"Santa Cruz-Watsonville, CA",Metropolitan Statistical Area,Central,669112,Santa Cruz,59946,1,NA,NA,0,0,NA,NA,NA,0,NA,NA,0,0,NA,NA,NA,NA,NA,NA,NA,0,0,45,799,1978,37277.3192,350,1159,425861.68,1005.856,35.12192222,60820.2664,0,1532,88,84.6419327,2.23325062,53.26666667,17.36972705,0,76.02977667,2015,4.367245658,18.95781638,55.68075117,11.49425287,0.001769464,0.001769464,3.5,3.5,0.353892821,7,150,4,4,4,0,0,5,9,44.44444444,44.44444444,44.44444444,0,0,55.55555556,940250,0.002143047,economy,33.33333333,0,11.11111111,55.55555556,0,0,43.20987654,0,NA,0,NA,0,0,0,0,0,0,0,0,0
11,6075010700,2018,1000_000089,2018_119_03575,CITY LIGHTS BOOKSTORE,BOOKSTORES,0,0,1,0,1,0,0,0,0,0,0,0,1,1,0,0,0,1,1,1,1,0,0,0,0,0,0,1,0,0,0,0,0,0,0,0,4153628193,NA,NA,NA,NA,NA,"261 Columbus Ave, San Francisco, California",NA,NA,San Francisco County,CALIFORNIA,CA,NA,NA,NA,NA,NA,NA,NA,NA,NA,NA,NA,NA,NA,NA,NA,NA,NA,NA,NA,NA,NA,NA,NA,NA,NA,NA,NA,NA,NA,NA,NA,NA,NA,NA,NA,NA,NA,NA,NA,NA,NA,NA,NA,NA,NA,NA,NA,"c(-2273659.93820396, 351289.890779955)",ROOFTOP,6,75,10700,107,Census Tract 107,0,37.798514,-122.4100466,G0600750010700,183169.0053,2080.009641,1,1,1,1,0,0,0,6075,41860,"San Francisco-Oakland-Hayward, CA",Metropolitan Statistical Area,Central,667000,San Francisco,805235,1,1,1,1,1,0,0,0,1,0,0,0,0,0,0,0,0,0,0,0,0,0,4332,979,2491,19748.7488,385,2801,667920,549.0496,42.81511068,77124.0448,0,730,75,98.64334166,78.44983702,21.17214533,6.972111554,0,13.21984788,5522,1.358203549,19.81166244,91.12806102,7.656458056,0.602167804,0,15,0,0.602167804,15,230,1,1,1,0,0,0,1,100,100,100,0,0,0,183165,0.030147681,economy,100,0,0,0,0,0,100,0,NA,0,NA,0,0,0,0,1,1,0,0,0
12,6075010700,2019,1000_000089,2019_152_01463,CITY LIGHTS BOOKSTORE,BOOKSTORES,0,0,0,0,0,0,0,0,0,1,1,0,1,0,0,0,0,0,0,0,0,0,0,0,0,0,0,0,0,1,0,0,0,0,0,0,4153628193,NA,NA,NA,NA,NA,"261 Columbus Ave, San Francisco, California",NA,NA,San Francisco County,CALIFORNIA,CA,NA,NA,NA,NA,NA,NA,NA,NA,NA,NA,NA,NA,NA,NA,NA,NA,NA,NA,NA,NA,NA,NA,NA,NA,NA,NA,NA,NA,NA,NA,NA,NA,NA,NA,NA,NA,NA,NA,NA,NA,NA,NA,NA,NA,NA,NA,NA,"c(-2273659.93820396, 351289.890779955)",ROOFTOP,6,75,10700,107,Census Tract 107,0,37.798514,-122.4100466,G0600750010700,183169.0053,2080.009641,1,0,0,0,0,0,1,6075,41860,"San Francisco-Oakland-Hayward, CA",Metropolitan Statistical Area,Central,667000,San Francisco,805235,1,1,1,1,1,0,0,0,1,0,0,0,0,0,0,0,0,0,0,0,0,0,4308,1037,5548,18728.8908,333,2823,639088.36,551.7416,42.72430534,78416.09,0,814,93,97.80375487,77.64960346,22.16285531,6.002162942,0,14.67195386,5548,1.67627974,19.93511175,94.64566929,8.377308707,0.003244412,0,18,0,0.32444124,18,254,0,0,0,0,0,1,1,0,0,0,0,0,100,183165,0.03028963,economy,100,0,0,0,0,0,100,0,NA,0,NA,0,0,1,0,0,1,0,0,0
13,6075012201,2018,1000_000090,2018_120_03590,THE MAGAZINE,"EROTICA (PRINT, VISUAL, TOYS, SAFE SEX) SEE ALSO LEATHER",1,0,0,0,0,0,0,0,0,0,0,0,0,0,0,0,0,0,0,0,0,0,0,0,0,0,0,0,0,0,0,0,0,0,0,0,4154417737,NA,NA,NA,NA,NA,"920 Larkin St, San Francisco, California",NA,NA,San Francisco County,CALIFORNIA,CA,NA,NA,NA,NA,NA,NA,NA,NA,NA,NA,NA,NA,NA,NA,NA,NA,NA,NA,NA,NA,NA,NA,NA,NA,NA,NA,NA,NA,NA,NA,NA,NA,NA,NA,NA,NA,NA,NA,NA,NA,NA,NA,NA,NA,NA,NA,NA,"c(-2274956.18244188, 350364.540521462)",ROOFTOP,6,75,12201,122.01,Census Tract 122.01,0,37.7858464,-122.4163535,G0600750012201,92047.88099,1214.501176,0.5,1,1,1,0,0,0,6075,41860,"San Francisco-Oakland-Hayward, CA",Metropolitan Statistical Area,Central,667000,San Francisco,805235,1,1,1,1,0,0,0,1,1,1,1,1,1,0,0,1,1,0,1,1,1,1,933,1727,2683,51546.3872,1460,2997,474707.2,1185.6064,42.81511068,77124.0448,312,1648,285,98.8988989,20.1164295,44.95054659,31.47908581,6.727037516,35.53255714,4638,6.144890039,16.42949547,93.32836377,0.755088641,0.670890794,0.670890794,18,18,1.341781588,36,23,2,2,2,0,0,0,2,100,100,100,0,0,0,92046,0.05038785,economy,100,0,0,0,0,0,100,0,NA,0,NA,0,0,0,0,1,1,0,0,0
14,6075012201,2019,1000_000090,2019_152_01493,THE MAGAZINE,EROTICA / ADULT STORES / SAFE SEX SUPPLIES,0,0,1,0,0,0,0,0,0,0,0,0,0,0,0,0,0,0,0,0,0,0,0,0,0,0,0,0,0,0,0,0,0,0,0,0,4154417737,NA,NA,NA,NA,NA,"920 Larkin St, San Francisco, California",NA,NA,San Francisco County,CALIFORNIA,CA,NA,NA,NA,NA,NA,NA,NA,NA,NA,NA,NA,NA,NA,NA,NA,NA,NA,NA,NA,NA,NA,NA,NA,NA,NA,NA,NA,NA,NA,NA,NA,NA,NA,NA,NA,NA,NA,NA,NA,NA,NA,NA,NA,NA,NA,NA,NA,"c(-2274956.18244188, 350364.540521462)",ROOFTOP,6,75,12201,122.01,Census Tract 122.01,0,37.7858464,-122.4163535,G0600750012201,92047.88099,1214.501176,0.5,1,1,1,0,0,0,6075,41860,"San Francisco-Oakland-Hayward, CA",Metropolitan Statistical Area,Central,667000,San Francisco,805235,1,1,1,1,0,0,0,1,1,1,1,1,1,0,0,1,1,0,1,1,1,1,827,1776,4620,49974.0324,1343,2990,449750.76,1184.0996,42.72430534,78416.09,278,1869,303,99.13043478,17.9004329,47.94816415,29.06926407,6.017316017,40.45454545,4620,6.558441558,19.00552486,95.60229446,2.598789605,0.002272727,0.002272727,10.5,10.5,0.454545455,21,73,1,1,1,0,0,1,2,50,50,50,0,0,50,92046,0.050192295,economy,100,0,0,0,0,0,100,0,NA,0,NA,0,0,0,0,0,1,0,0,0
15,6075011100,2019,1000_000096,2019_012_11752,GOOD VIBRATIONS,EROTICA / ADULT STORES / SAFE SEX SUPPLIES,0,0,1,0,0,0,0,0,0,0,0,0,0,0,0,0,0,0,0,0,0,0,0,0,0,0,0,0,0,0,0,0,0,0,0,0,4153450400,NA,NA,NA,NA,NA,"1620 Polk St, San Francisco, California",NA,NA,San Francisco County,CALIFORNIA,CA,NA,NA,NA,NA,NA,NA,NA,NA,NA,NA,NA,NA,NA,NA,NA,NA,NA,NA,NA,NA,NA,NA,NA,NA,NA,NA,NA,NA,NA,NA,NA,NA,NA,NA,NA,NA,NA,NA,NA,NA,NA,NA,NA,NA,NA,NA,NA,"c(-2275028.76289078, 351016.611969607)",ROOFTOP,6,75,11100,111,Census Tract 111,0,37.7907445,-122.419076,G0600750011100,246648.4465,2025.853291,0.333333333,1,1,1,0,0,0,6075,41860,"San Francisco-Oakland-Hayward, CA",Metropolitan Statistical Area,Central,667000,San Francisco,805235,1,1,1,1,1,0,1,1,1,0,0,1,1,0,0,1,1,0,1,1,1,1,1727,2832,4823,80023.2408,490,3418,788413.6,1237.3508,42.72430534,78416.09,202,2226,190,92.3932124,35.71871768,65.10344828,10.1344364,4.1778697,46.03929679,4835,3.929679421,10.38772548,93.32469216,0.537201182,0,0.003317437,0,16,0.331743728,16,20,3,3,3,0,0,3,6,50,50,50,0,0,50,246649,0.019602755,economy,33.33333333,50,16.66666667,0,0,0,38.88888889,1,NA,0,6075011100,0,0,0,0,0,1,0,0,0
16,6065045000,2019,1000_000115,2019_138_13587,HIDDEN JOY,EROTICA / ADULT STORES / SAFE SEX SUPPLIES,0,0,0,0,0,0,0,0,0,0,0,0,0,0,0,0,0,0,0,0,0,0,0,0,0,0,0,0,0,0,1,0,0,0,0,0,7603281694,NA,NA,NA,NA,NA,"68424 Commercial Rd, Cathedral City, California",NA,NA,Riverside County,CALIFORNIA,CA,NA,NA,NA,NA,NA,NA,NA,NA,NA,NA,NA,NA,NA,NA,NA,NA,NA,NA,NA,NA,NA,NA,NA,NA,NA,NA,NA,NA,NA,NA,NA,NA,NA,NA,NA,NA,NA,NA,NA,NA,NA,NA,NA,NA,NA,NA,NA,"c(-1867518.37854855, -214294.938442913)",ROOFTOP,6,65,45000,450,Census Tract 450,115034,33.7750205,-116.4698341,G0600650045000,3671778.463,8973.755744,0.333333333,0,0,0,0,0,1,6065,40140,"Riverside-San Bernardino-Ontario, CA",Metropolitan Statistical Area,Central,NA,NA,NA,0,0,0,0,0,0,0,0,0,0,0,0,0,0,0,0,0,0,0,0,0,0,10,703,3314,31613.4624,1371,1928,261152.76,650.1084,18.65741667,48163.4916,88,1796,49,85.37344398,0.301750151,27.48240813,41.36994568,2.655401328,54.1943271,3314,1.478575739,27.51961376,46.48074369,4.930966469,0.004542475,0.012355533,15.05376344,40.94623656,1.689800845,56,75,1,1,1,0,0,2,3,33.33333333,33.33333333,33.33333333,0,0,66.66666667,3556744,0.000931751,economy,100,0,0,0,0,0,100,0,NA,0,NA,0,0,1,0,0,0,0,0,0
17,6037530202,2018,1000_000123,2018_051_01229,CHICO,"BARS, CAFES, CLUBS & CLUB ORGANIZERS, RESTAURANTS",0,1,0,0,0,0,0,0,0,0,0,0,0,0,0,0,0,0,0,0,0,0,0,0,0,0,0,0,0,0,1,0,0,0,0,0,3237213403,NA,NA,NA,NA,NA,"2915 W Beverly Blvd, Montebello, California",NA,NA,Los Angeles County,CALIFORNIA,CA,NA,NA,NA,NA,NA,NA,NA,NA,NA,NA,NA,NA,NA,NA,NA,NA,NA,NA,NA,NA,NA,NA,NA,NA,NA,NA,NA,NA,NA,NA,NA,NA,NA,NA,NA,NA,NA,NA,NA,NA,NA,NA,NA,NA,NA,NA,NA,"c(-2010740.07260019, -154056.417196755)",ROOFTOP,6,37,530202,5302.02,Census Tract 5302.02,3427,34.0298138,-118.1344535,G0600370530202,1801600.46,6459.304576,1,0,0,0,0,0,1,6037,31080,"Los Angeles-Long Beach-Anaheim, CA",Metropolitan Statistical Area,Central,NA,NA,NA,0,0,0,0,0,0,0,0,0,0,0,0,0,0,0,0,0,0,0,0,0,0,343,480,1234,52985.2224,3845,1321,345537.28,907.5968,29.68661135,53540.4672,0,150,0,100,7.906869525,15.7946693,88.63531581,0,3.457814661,4338,0,3.856041131,30.1458671,6.535947712,0,0,0,0,0,0,160,0,0,0,0,0,1,1,0,0,0,0,0,100,1798174,0.002412447,economy,100,0,0,0,0,0,100,0,NA,0,NA,0,1,1,0,0,1,0,0,0
18,6037530202,2019,1000_000123,2019_059_10489,CHICO,"BARS, CAFES, CLUBS, RESTAURANTS",0,0,0,0,0,0,0,0,0,0,0,0,0,1,0,0,0,0,0,0,0,0,0,0,0,0,0,0,0,0,1,0,0,0,0,0,3237213403,NA,NA,NA,NA,NA,"2915 W Beverly Blvd, Montebello, California",NA,NA,Los Angeles County,CALIFORNIA,CA,NA,NA,NA,NA,NA,NA,NA,NA,NA,NA,NA,NA,NA,NA,NA,NA,NA,NA,NA,NA,NA,NA,NA,NA,NA,NA,NA,NA,NA,NA,NA,NA,NA,NA,NA,NA,NA,NA,NA,NA,NA,NA,NA,NA,NA,NA,NA,"c(-2010740.07260019, -154056.417196755)",ROOFTOP,6,37,530202,5302.02,Census Tract 5302.02,3427,34.0298138,-118.1344535,G0600370530202,1801600.46,6459.304576,1,0,0,0,0,0,1,6037,31080,"Los Angeles-Long Beach-Anaheim, CA",Metropolitan Statistical Area,Central,NA,NA,NA,0,0,0,0,0,0,0,0,0,0,0,0,0,0,0,0,0,0,0,0,0,0,338,473,4348,53284.482,3864,1288,343766.08,885.3012,29.64226771,53989.3208,0,146,0,100,7.773689052,15.60541076,88.86844526,0,3.357865685,4348,0,4.854142357,32.25538972,6.934755847,0,0,0,0,0,0,169,0,0,0,0,0,1,1,0,0,0,0,0,100,1798174,0.002418008,economy,100,0,0,0,0,0,100,0,NA,0,NA,0,0,1,0,0,1,0,0,0
19,6037576700,2018,1000_000126,2018_008_00137,HOT STUFF,"GIFTS, CARDS, PRIDE, ETC.",0,1,0,0,0,0,0,0,0,0,0,0,0,0,0,0,0,0,0,0,0,0,0,0,0,0,0,0,0,0,0,0,0,0,0,0,5624330692,NA,NA,NA,NA,NA,"2121 E Broadway, Long Beach, California",NA,NA,Los Angeles County,CALIFORNIA,CA,NA,NA,NA,NA,NA,NA,NA,NA,NA,NA,NA,NA,NA,NA,NA,NA,NA,NA,NA,NA,NA,NA,NA,NA,NA,NA,NA,NA,NA,NA,NA,NA,NA,NA,NA,NA,NA,NA,NA,NA,NA,NA,NA,NA,NA,NA,NA,"c(-2020062.55831415, -181188.810022491)",ROOFTOP,6,37,576700,5767,Census Tract 5767,1427268,33.7618269,-118.1618264,G0600370576700,774674.8161,3630.06851,1,0,0,0,0,0,1,6037,31080,"Los Angeles-Long Beach-Anaheim, CA",Metropolitan Statistical Area,Central,643000,Long Beach,462257,1,0,0,0,0,0,0,0,0,0,0,0,0,0,0,0,0,0,0,0,0,0,459,1490,2129,49669.2416,514,2364,507464.32,1147.6608,29.68661135,53540.4672,426,2380,210,99.57698816,11.50664327,42.95185933,12.88543495,10.67936826,59.66407621,3989,5.264477313,10.32961329,59.69938938,6.278890601,0.563644904,0.563644904,12,12,1.127289807,24,163,0,0,0,0,0,1,1,0,0,0,0,0,100,774674,0.005149263,economy,100,0,0,0,0,0,100,0,NA,0,NA,0,0,0,0,0,1,0,0,0
20,6037576700,2019,1000_000126,2019_008_12535,HOT STUFF,"GIFTS, CARDS, PRIDE, ETC.",0,0,1,0,0,0,0,0,0,0,0,0,0,0,0,0,0,0,0,0,0,0,0,0,0,0,0,0,0,0,0,0,0,0,0,0,5624330692,NA,NA,NA,NA,NA,"2121 E Broadway, Long Beach, California",NA,NA,Los Angeles County,CALIFORNIA,CA,NA,NA,NA,NA,NA,NA,NA,NA,NA,NA,NA,NA,NA,NA,NA,NA,NA,NA,NA,NA,NA,NA,NA,NA,NA,NA,NA,NA,NA,NA,NA,NA,NA,NA,NA,NA,NA,NA,NA,NA,NA,NA,NA,NA,NA,NA,NA,"c(-2020062.55831415, -181188.810022491)",ROOFTOP,6,37,576700,5767,Census Tract 5767,1427268,33.7618269,-118.1618264,G0600370576700,774674.8161,3630.06851,0.5,1,1,1,0,0,0,6037,31080,"Los Angeles-Long Beach-Anaheim, CA",Metropolitan Statistical Area,Central,643000,Long Beach,462257,1,0,0,0,0,0,0,0,0,0,0,0,0,0,0,0,0,0,0,0,0,0,384,1588,3766,54021.1236,606,2335,507735.4,1145.6404,29.64226771,53989.3208,349,2456,140,99.61456103,9.758576874,46.73337257,15.40025413,8.869123253,62.41423126,3935,3.557814485,10.29489205,59.5734127,4.288499025,0.003186405,0.003186405,12,12,0.637280935,24,110,1,1,1,0,0,1,2,50,50,50,0,0,50,774674,0.005079556,economy,100,0,0,0,0,0,100,0,NA,0,NA,0,0,0,0,0,1,0,0,0
21,17031061800,2019,1000_000132,2019_227_03318,RAM BOOKSTORE,EROTICA / ADULT STORES / SAFE SEX SUPPLIES,0,0,0,0,0,0,0,0,0,0,0,0,1,0,0,0,0,0,0,0,0,0,0,0,0,0,0,0,0,0,0,0,0,0,0,0,7735259528,NA,NA,NA,NA,NA,"3511 1/2 N Halsted St, Chicago, Illinois",NA,NA,Cook County,ILLINOIS,IL,NA,NA,NA,NA,NA,NA,NA,NA,NA,NA,NA,NA,NA,NA,NA,NA,NA,NA,NA,NA,NA,NA,NA,NA,NA,NA,NA,NA,NA,NA,NA,NA,NA,NA,NA,NA,NA,NA,NA,NA,NA,NA,NA,NA,NA,NA,NA,"c(686631.367913326, 528255.992367601)",ROOFTOP,17,31,61800,618,Census Tract 618,0,41.9464895,-87.6471132,G1700310061800,82841.71524,1199.54772,0.555555556,0,0,0,0,0,1,17031,16980,"Chicago-Naperville-Elgin, IL-IN-WI",Metropolitan Statistical Area,Central,1714000,Chicago,2695598,1,1,1,1,0,1,0,1,1,1,1,0,0,0,0,1,1,0,1,1,1,1,102,714,1292,53478.9968,190,745,289849.24,1032.4816,32.6952631,53081.092,45,978,100,98.12080537,7.208480565,77.18918919,13.42756184,3.180212014,69.11660777,1415,7.067137809,10.29411765,79.17847025,4.81444333,0.031275668,0.011293991,40.40816327,14.59183673,4.256965944,55,48,0,0,0,0,0,3,3,0,0,0,0,0,100,82842,0.017080708,economy,100,0,0,0,0,0,100,0,NA,0,NA,0,0,0,0,0,1,0,0,0
22,6037700502,2018,1000_000135,2018_101_02896,BOOK SOUP,BOOKSTORES,0,0,1,0,0,0,0,0,0,0,0,0,0,0,0,0,0,0,0,0,0,0,0,0,0,0,0,0,0,0,0,0,0,0,0,0,3106593110,NA,NA,NA,NA,NA,"8818 Sunset Blvd, Los Angeles, California",NA,NA,Los Angeles County,CALIFORNIA,CA,NA,NA,NA,NA,NA,NA,NA,NA,NA,NA,NA,NA,NA,NA,NA,NA,NA,NA,NA,NA,NA,NA,NA,NA,NA,NA,NA,NA,NA,NA,NA,NA,NA,NA,NA,NA,NA,NA,NA,NA,NA,NA,NA,NA,NA,NA,NA,"c(-2031167.44063736, -141385.019693101)",ROOFTOP,6,37,700502,7005.02,Census Tract 7005.02,0,34.0902917,-118.3807073,G0600370700502,504038.6684,3299.406966,0.25,1,1,1,0,0,0,6037,31080,"Los Angeles-Long Beach-Anaheim, CA",Metropolitan Statistical Area,Central,NA,NA,NA,0,0,0,0,0,0,0,0,0,0,0,0,0,0,0,0,0,0,0,0,0,0,347,2511,2882,59446.816,474,3440,529921.92,1294.7968,29.68661135,53540.4672,4,3256,93,97.61627907,8.313368471,66.04418727,11.35601342,0.095831337,78.00670819,4174,2.228078582,12.72160997,68.63289382,5.886178862,0,3.435114504,0,99,3.435114504,99,181,6,6,6,0,0,2,8,75,75,75,0,0,25,504036,0.008281155,economy,50,0,37.5,0,12.5,0,40.625,0,NA,0,NA,0,0,0,0,0,1,0,1,1
23,6037700502,2019,1000_000135,2019_127_00592,BOOK SOUP,BOOKSTORES,0,0,0,0,0,0,0,0,0,1,1,0,0,0,0,0,0,0,0,0,0,0,0,0,0,0,0,0,0,0,0,0,0,0,0,0,3106593110,NA,NA,NA,NA,NA,"8818 Sunset Blvd, Los Angeles, California",NA,NA,Los Angeles County,CALIFORNIA,CA,NA,NA,NA,NA,NA,NA,NA,NA,NA,NA,NA,NA,NA,NA,NA,NA,NA,NA,NA,NA,NA,NA,NA,NA,NA,NA,NA,NA,NA,NA,NA,NA,NA,NA,NA,NA,NA,NA,NA,NA,NA,NA,NA,NA,NA,NA,NA,"c(-2031167.44063736, -141385.019693101)",ROOFTOP,6,37,700502,7005.02,Census Tract 7005.02,0,34.0902917,-118.3807073,G0600370700502,504038.6684,3299.406966,0.18,0,0,0,0,0,1,6037,31080,"Los Angeles-Long Beach-Anaheim, CA",Metropolitan Statistical Area,Central,NA,NA,NA,0,0,0,0,0,0,0,0,0,0,0,0,0,0,0,0,0,0,0,0,0,0,305,2674,4382,54360.6,523,3447,506552.04,1317.9672,29.64226771,53989.3208,49,3444,66,97.85320569,6.952359243,66.46781009,11.92158651,1.116936403,78.5046729,4387,1.504444951,10.50832004,68.79194631,6.221408966,0,0.026015518,0,114,2.601551803,114,204,3,3,3,0,0,7,10,30,30,30,0,0,70,504036,0.008703743,economy,50,0,30,10,10,0,36,0,NA,0,NA,0,0,0,0,0,1,0,1,1
24,36061013700,2019,1000_000164,2019_004_05815,EVES GARDEN,EROTICA / ADULT STORES / SAFE SEX SUPPLIES,0,0,1,0,0,0,0,0,0,0,0,0,0,0,0,0,0,0,0,0,0,0,0,0,0,0,0,0,0,0,0,0,0,0,0,0,2127578651,NA,NA,NA,NA,NA,"119 W 57th St, New York, New York",NA,NA,New York County,NEW YORK,NY,NA,NA,NA,NA,NA,NA,NA,NA,NA,NA,NA,NA,NA,NA,NA,NA,NA,NA,NA,NA,NA,NA,NA,NA,NA,NA,NA,NA,NA,NA,NA,NA,NA,NA,NA,NA,NA,NA,NA,NA,NA,NA,NA,NA,NA,NA,NA,"c(1827246.67310683, 578534.830042852)",ROOFTOP,36,61,13700,137,Census Tract 137,0,40.765207,-73.9802337,G3600610013700,225670.1854,1903.199573,0.625,1,1,1,0,0,0,36061,35620,"New York-Newark-Jersey City, NY-NJ-PA",Metropolitan Statistical Area,Central,3651000,New York,8175133,1,0,0,0,0,0,0,0,0,0,0,0,0,0,0,0,0,0,0,0,0,0,748,4045,5957,133255.2112,532,5642,737824.96,2230.6336,34.72075923,58260.5108,119,4240,355,90.03899326,12.47914581,81.66767616,8.875542209,1.985318652,70.73740407,5994,5.922589256,6.272939606,64.55269608,5.065666041,0,0,0,0,0,0,189,2,2,2,0,0,2,4,50,50,50,0,0,50,225671,0.02656079,economy,25,0,0,75,0,0,62.5,0,NA,0,NA,0,0,0,0,0,1,0,0,0
25,25021400200,2018,1000_000206,2018_208_06444,BROOKLINE BOOKSMITH,BOOKSTORES,0,0,0,1,1,0,0,0,0,0,1,0,0,0,0,0,0,0,0,0,0,0,0,0,0,0,0,0,0,0,0,0,0,0,0,0,6175666660,NA,NA,NA,NA,NA,"279 Harvard St, Brookline, Massachusetts",NA,NA,Norfolk County,MASSACHUSETTS,MA,NA,NA,NA,NA,NA,NA,NA,NA,NA,NA,NA,NA,NA,NA,NA,NA,NA,NA,NA,NA,NA,NA,NA,NA,NA,NA,NA,NA,NA,NA,NA,NA,NA,NA,NA,NA,NA,NA,NA,NA,NA,NA,NA,NA,NA,NA,NA,"c(2013436.89672711, 807524.825435702)",ROOFTOP,25,21,400200,4002,Census Tract 4002,0,42.3468934,-71.1196352,G2500210400200,532989.4277,3518.98115,0.5,0,0,0,0,0,1,25021,14460,"Boston-Cambridge-Newton, MA-NH",Metropolitan Statistical Area,Central,NA,NA,NA,0,0,0,0,0,0,0,0,0,0,0,0,0,0,0,0,0,0,0,0,0,0,1551,3430,2813,55350.24,493,2963,577082.88,1692.064,41.54947538,66217.3952,185,3717,305,96.05129936,24.81203008,88.15214598,7.886738122,2.959526476,59.462486,6251,4.879219325,26.51915985,52.50622112,0.720551378,0,2.168503377,0,61,2.168503377,61,23,1,1,1,0,0,1,2,50,50,50,0,0,50,532990,0.011728175,economy,50,0,0,0,0,50,50,0,NA,0,NA,0,0,0,0,0,1,0,0,0
26,25021400200,2019,1000_000206,2019_272_08856,BROOKLINE BOOKSMITH,BOOKSTORES,0,1,0,0,0,0,0,0,0,0,0,0,0,0,0,0,0,0,0,0,0,0,0,0,0,0,0,1,0,0,0,0,0,0,0,0,6175666660,NA,NA,NA,NA,NA,"279 Harvard St, Brookline, Massachusetts",NA,NA,Norfolk County,MASSACHUSETTS,MA,NA,NA,NA,NA,NA,NA,NA,NA,NA,NA,NA,NA,NA,NA,NA,NA,NA,NA,NA,NA,NA,NA,NA,NA,NA,NA,NA,NA,NA,NA,NA,NA,NA,NA,NA,NA,NA,NA,NA,NA,NA,NA,NA,NA,NA,NA,NA,"c(2013436.89672711, 807524.825435702)",ROOFTOP,25,21,400200,4002,Census Tract 4002,0,42.3468934,-71.1196352,G2500210400200,532989.4277,3518.98115,0.625,0,0,0,0,0,1,25021,14460,"Boston-Cambridge-Newton, MA-NH",Metropolitan Statistical Area,Central,NA,NA,NA,0,0,0,0,0,0,0,0,0,0,0,0,0,0,0,0,0,0,0,0,0,0,1769,3621,6576,62033.95,501,2931,565941.92,1651.5268,41.36490292,66810.2868,270,3805,255,95.05288298,26.8030303,87.48489973,7.590909091,4.090909091,57.65151515,6600,3.863636364,25.69476082,52.57695061,0.58050718,0,0.001216545,0,8,0.121654501,8,19,2,2,2,0,0,2,4,50,50,50,0,0,50,532990,0.012382972,economy,25,0,0,0,0,75,62.5,0,NA,0,NA,0,0,0,0,0,1,0,0,0
27,25017353700,2018,1000_000208,2018_208_06445,HARVARD BOOK STORE,BOOKSTORES,0,0,0,1,0,0,0,0,0,1,1,0,0,0,0,0,0,0,0,0,0,0,0,0,0,0,0,0,0,0,0,0,0,0,0,0,6176611515,NA,NA,NA,NA,NA,"1256 Massachusetts Ave, Cambridge, Massachuse",NA,NA,Middlesex County,MASSACHUSETTS,MA,NA,NA,NA,NA,NA,NA,NA,NA,NA,NA,NA,NA,NA,NA,NA,NA,NA,NA,NA,NA,NA,NA,NA,NA,NA,NA,NA,NA,NA,NA,NA,NA,NA,NA,NA,NA,NA,NA,NA,NA,NA,NA,NA,NA,NA,NA,NA,"c(2012986.71932484, 810850.960484292)",ROOFTOP,25,17,353700,3537,Census Tract 3537,0,42.3745558,-71.1124816,G2500170353700,549393.9545,3791.882094,0.333333333,0,0,0,0,0,1,25017,14460,"Boston-Cambridge-Newton, MA-NH",Metropolitan Statistical Area,Central,2511000,Cambridge,105162,1,1,1,1,0,1,1,1,1,1,1,1,1,0,0,0,1,0,0,0,1,1,1014,2342,1616,57112,584,1855,663583.36,1553.4464,41.54947538,66217.3952,234,3836,215,98.76010782,17.23610403,86.35693215,9.92690804,3.977562468,65.20482747,5883,3.654597994,14.38446346,66.46039604,5.461513893,1.361386139,0,22,0,1.361386139,22,171,0,0,0,0,0,3,3,0,0,0,0,0,100,549394,0.010708162,economy,33.33333333,33.33333333,33.33333333,0,0,0,33.33333333,0,NA,0,NA,0,0,0,0,0,1,0,0,0
28,25017353700,2019,1000_000208,2019_272_08964,HARVARD BOOK STORE,BOOKSTORES,1,0,0,0,0,0,0,0,0,0,0,0,0,0,0,0,0,0,0,0,0,0,0,1,0,0,0,0,0,0,0,0,0,0,0,1,6176611515,NA,NA,NA,NA,NA,"1256 Massachusetts Ave, Cambridge, Massachuse",NA,NA,Middlesex County,MASSACHUSETTS,MA,NA,NA,NA,NA,NA,NA,NA,NA,NA,NA,NA,NA,NA,NA,NA,NA,NA,NA,NA,NA,NA,NA,NA,NA,NA,NA,NA,NA,NA,NA,NA,NA,NA,NA,NA,NA,NA,NA,NA,NA,NA,NA,NA,NA,NA,NA,NA,"c(2012986.71932484, 810850.960484292)",ROOFTOP,25,17,353700,3537,Census Tract 3537,0,42.3745558,-71.1124816,G2500170353700,549393.9545,3791.882094,0.2,1,1,1,0,0,0,25017,14460,"Boston-Cambridge-Newton, MA-NH",Metropolitan Statistical Area,Central,2511000,Cambridge,105162,1,1,1,1,0,1,1,1,1,1,1,1,1,0,0,0,1,0,0,0,1,1,940,2447,3067,59344.0248,663,1909,664012.88,1511.7424,41.36490292,66810.2868,229,3756,270,98.21896281,16.04643223,86.19232124,11.31785592,3.909184022,64.11744623,5858,4.609081598,11.99742683,68.04245283,4.922197523,0.007499185,0,23,0,0.749918487,23,155,2,2,2,0,0,3,5,40,40,40,0,0,60,549394,0.010662657,economy,40,20,40,0,0,0,36,0,NA,0,NA,0,0,1,0,0,1,0,0,0
29,30031000701,2018,1000_000245,2018_238_07394,EROTIQUE,"EROTICA (PRINT, VISUAL, TOYS, SAFE SEX) SEE ALSO LEATHER",0,0,1,0,1,0,0,1,0,0,0,0,0,0,0,0,0,0,0,0,0,0,0,0,0,0,0,0,0,0,0,0,0,0,0,0,4065867825,NA,NA,NA,NA,NA,"12 N Willson Ave, Bozeman, Montana",NA,NA,Gallatin County,MONTANA,MT,NA,NA,NA,NA,NA,NA,NA,NA,NA,NA,NA,NA,NA,NA,NA,NA,NA,NA,NA,NA,NA,NA,NA,NA,NA,NA,NA,NA,NA,NA,NA,NA,NA,NA,NA,NA,NA,NA,NA,NA,NA,NA,NA,NA,NA,NA,NA,"c(-1167339.05846505, 1007057.16759695)",ROOFTOP,30,31,701,7.01,Census Tract 7.01,0,45.6820116,-111.0381451,G3000310000701,2584321.369,9565.433856,0.375,1,1,1,0,0,0,30031,14580,"Bozeman, MT",Micropolitan Statistical Area,Central,3008950,Bozeman,37280,1,NA,NA,1,NA,NA,NA,NA,NA,NA,NA,1,1,NA,NA,NA,NA,NA,NA,NA,1,1,83,1512,1843,37268,201,1999,288696.32,715.5456,43.14417459,47624.8256,13,3388,234,86.34317159,2.117887216,59.2476489,5.128859403,0.331717275,86.45062516,3919,5.970910947,17.28813559,61.20455779,2.693069307,0,0,0,0,0,0,68,2,2,2,0,0,2,4,50,50,50,0,0,50,2584320,0.001516453,economy,75,0,0,25,0,0,62.5,0,NA,0,NA,0,0,0,0,1,0,0,0,0
30,30031000701,2019,1000_000245,2019_314_04881,EROTIQUE,EROTICA / ADULT STORES / SAFE SEX SUPPLIES,0,0,0,0,0,0,0,0,0,0,0,0,0,0,0,0,0,0,0,0,0,0,0,0,0,0,0,0,0,0,0,0,0,0,0,0,4065867825,NA,NA,NA,NA,NA,"12 N Willson Ave, Bozeman, Montana",NA,NA,Gallatin County,MONTANA,MT,NA,NA,NA,NA,NA,NA,NA,NA,NA,NA,NA,NA,NA,NA,NA,NA,NA,NA,NA,NA,NA,NA,NA,NA,NA,NA,NA,NA,NA,NA,NA,NA,NA,NA,NA,NA,NA,NA,NA,NA,NA,NA,NA,NA,NA,NA,NA,"c(-1167339.05846505, 1007057.16759695)",ROOFTOP,30,31,701,7.01,Census Tract 7.01,0,45.6820116,-111.0381451,G3000310000701,2584321.369,9565.433856,0.375,0,0,0,0,0,1,30031,14580,"Bozeman, MT",Micropolitan Statistical Area,Central,3008950,Bozeman,37280,1,NA,NA,1,NA,NA,NA,NA,NA,NA,NA,1,1,NA,NA,NA,NA,NA,NA,NA,1,1,61,1508,3762,35968.2272,245,2001,304789.16,713.714,43.10158707,49107.2212,13,3407,121,86.35682159,1.585651157,61.2012987,6.368598908,0.337925656,88.56251625,3847,3.145308032,16.52936487,61.2886049,1.254410035,0,0,0,0,0,0,32,1,1,1,0,0,3,4,25,25,25,0,0,75,2584320,0.001488593,economy,75,0,0,25,0,0,62.5,0,NA,0,NA,0,0,0,0,0,0,0,0,0
31,17019011000,2018,1000_000255,2018_174_05373,JANE ADDAMS BOOK SHOP,BOOKSTORES,0,0,0,1,1,0,0,0,0,0,0,1,0,0,0,0,0,0,0,0,0,0,0,0,0,0,0,0,0,0,0,0,0,0,0,0,2173562555,NA,NA,NA,NA,NA,"208 N Neil St, Champaign, Illinois",NA,NA,Champaign County,ILLINOIS,IL,NA,NA,NA,NA,NA,NA,NA,NA,NA,NA,NA,NA,NA,NA,NA,NA,NA,NA,NA,NA,NA,NA,NA,NA,NA,NA,NA,NA,NA,NA,NA,NA,NA,NA,NA,NA,NA,NA,NA,NA,NA,NA,NA,NA,NA,NA,NA,"c(654590.589352819, 320098.984087596)",ROOFTOP,17,19,11000,110,Census Tract 110,0,40.1172908,-88.2484973,G1700190011000,1898947.899,6542.017085,0.222222222,0,0,0,0,0,1,17019,16580,"Champaign-Urbana, IL",Metropolitan Statistical Area,Central,1712385,Champaign,81055,1,1,1,1,0,0,0,1,1,1,1,0,0,0,0,0,1,0,0,0,1,1,269,1831,2399,28746.5024,169,2750,118715.52,592.416,36.50247948,40718.7264,594,3061,75,95.12727273,6.453934741,57.79671717,4.054702495,14.25143954,73.44049904,4168,1.799424184,17.57620452,76.94872864,3.95256917,0,0,0,0,0,0,120,3,3,3,0,0,3,6,50,50,50,0,0,50,1898943,0.002194905,economy,66.66666667,0,33.33333333,0,0,0,55.55555556,0,NA,0,NA,0,0,0,0,0,0,0,0,1
32,17019011000,2019,1000_000255,2019_223_09041,JANE ADDAMS BOOK SHOP,BOOKSTORES,0,0,0,1,0,0,0,0,0,0,0,0,0,0,0,0,0,0,0,0,0,0,0,0,0,0,0,0,0,0,0,0,0,0,0,0,2173562555,NA,NA,NA,NA,NA,"208 N Neil St, Champaign, Illinois",NA,NA,Champaign County,ILLINOIS,IL,NA,NA,NA,NA,NA,NA,NA,NA,NA,NA,NA,NA,NA,NA,NA,NA,NA,NA,NA,NA,NA,NA,NA,NA,NA,NA,NA,NA,NA,NA,NA,NA,NA,NA,NA,NA,NA,NA,NA,NA,NA,NA,NA,NA,NA,NA,NA,"c(654590.589352819, 320098.984087596)",ROOFTOP,17,19,11000,110,Census Tract 110,0,40.1172908,-88.2484973,G1700190011000,1898947.899,6542.017085,0.358024691,0,0,0,0,0,1,17019,16580,"Champaign-Urbana, IL",Metropolitan Statistical Area,Central,1712385,Champaign,81055,1,1,1,1,0,0,0,1,1,1,1,0,0,0,0,0,1,0,0,0,1,1,153,2125,4315,30468.5616,206,2903,125066.36,576.1484,37.49347051,39672.8836,512,3339,253,93.42059938,3.428187318,64.04460518,4.61572933,11.47210397,74.81514676,4463,5.668832624,14.97617427,78.68338558,2.69541779,0,0,0,0,0,0,90,3,3,3,0,0,6,9,33.33333333,33.33333333,33.33333333,0,0,66.66666667,1898943,0.002350255,economy,77.77777778,0,0,22.22222222,0,0,65.43209877,0,NA,0,NA,0,0,0,0,0,0,0,0,1
33,18141003400,2019,1000_000266,2019_239_11924,ROMANTIX ADULT EMPORIUM,EROTICA / ADULT STORES / SAFE SEX SUPPLIES,0,0,1,0,0,0,0,0,0,0,0,0,0,1,0,0,0,0,1,1,0,0,0,0,0,0,0,0,0,0,0,0,0,0,0,0,5742911899,NA,NA,NA,NA,NA,"2715 S Main St, South Bend, Indiana",NA,NA,St. Joseph County,INDIANA,IN,NA,NA,NA,NA,NA,NA,NA,NA,NA,NA,NA,NA,NA,NA,NA,NA,NA,NA,NA,NA,NA,NA,NA,NA,NA,NA,NA,NA,NA,NA,NA,NA,NA,NA,NA,NA,NA,NA,NA,NA,NA,NA,NA,NA,NA,NA,NA,"c(804583.193189538, 505833.429083718)",ROOFTOP,18,141,3400,34,Census Tract 34,0,41.6413293,-86.2685563,G1801410003400,9956298.641,13838.36512,1,1,1,1,0,0,0,18141,43780,"South Bend-Mishawaka, IN-MI",Metropolitan Statistical Area,Central,1871000,South Bend,101168,1,1,1,1,0,0,0,0,0,0,0,0,0,0,0,0,0,0,0,0,0,0,0,202,3878,27596.6948,698,1650,41861.36,591.68,23.88781193,39437.6908,1539,1404,246,83.75757576,0,8.879120879,17.95729354,39.59351685,36.12040134,3887,6.328788269,24.55867082,55.94246783,9.624292331,0,0,0,0,0,0,187,1,1,1,0,0,0,1,100,100,100,0,0,0,9956297,0.000390406,economy,100,0,0,0,0,0,100,0,NA,0,NA,0,0,0,0,1,0,0,0,0
34,32003002603,2018,1000_000274,2018_027_00616,GET BOOKED,BOOKSTORES,0,0,0,1,0,0,0,0,0,0,0,0,0,0,0,0,0,0,0,0,0,0,0,0,0,0,0,0,0,0,0,0,0,0,0,0,7027377780,NA,NA,NA,NA,NA,"4640 Paradise Rd, Las Vegas, Nevada",NA,NA,Clark County,NEVADA,NV,NA,NA,NA,NA,NA,NA,NA,NA,NA,NA,NA,NA,NA,NA,NA,NA,NA,NA,NA,NA,NA,NA,NA,NA,NA,NA,NA,NA,NA,NA,NA,NA,NA,NA,NA,NA,NA,NA,NA,NA,NA,NA,NA,NA,NA,NA,NA,"c(-1697012.63027775, 15324.0983559769)",ROOFTOP,32,3,2603,26.03,Census Tract 26.03,0,36.1080571,-115.1447146,G3200030002603,1989241.021,5655.225959,0.333333333,0,0,0,0,0,1,32003,29820,"Las Vegas-Henderson-Paradise, NV",Metropolitan Statistical Area,Central,3254600,Paradise,223167,1,1,1,1,0,0,0,0,NA,NA,NA,NA,NA,0,0,0,0,0,0,0,0,0,482,391,1663,18482.6048,1077,1999,NA,597.8368,20.99694771,43987.4688,618,1486,341,97.24862431,12.03796204,19.06387128,26.8981019,15.43456543,37.11288711,4004,8.516483516,39.66259871,99.57907396,15.1280812,0.962116657,0.60132291,16,10,1.563439567,26,313,2,2,2,0,0,4,6,33.33333333,33.33333333,33.33333333,0,0,66.66666667,1989240,0.002012829,economy,83.33333333,16.66666667,0,0,0,0,72.22222222,0,NA,0,NA,0,0,0,0,0,0,0,0,0
35,32003002603,2019,1000_000274,2019_031_10310,GET BOOKED,BOOKSTORES,0,0,1,0,0,0,0,0,0,0,0,0,0,0,0,0,0,0,0,0,0,0,0,0,0,0,0,0,0,0,0,0,0,0,0,0,7027377780,NA,NA,NA,NA,NA,"4640 Paradise Rd, Las Vegas, Nevada",NA,NA,Clark County,NEVADA,NV,NA,NA,NA,NA,NA,NA,NA,NA,NA,NA,NA,NA,NA,NA,NA,NA,NA,NA,NA,NA,NA,NA,NA,NA,NA,NA,NA,NA,NA,NA,NA,NA,NA,NA,NA,NA,NA,NA,NA,NA,NA,NA,NA,NA,NA,NA,NA,"c(-1697012.63027775, 15324.0983559769)",ROOFTOP,32,3,2603,26.03,Census Tract 26.03,0,36.1080571,-115.1447146,G3200030002603,1989241.021,5655.225959,0.333333333,1,1,1,0,0,0,32003,29820,"Las Vegas-Henderson-Paradise, NV",Metropolitan Statistical Area,Central,3254600,Paradise,223167,1,1,1,1,0,0,0,0,NA,NA,NA,NA,NA,0,0,0,0,0,0,0,0,0,668,524,2828,19197.7972,946,1969,NA,614.6076,21.03467329,43887.864,594,1647,199,99.59370239,16.47755303,24.2704956,23.3349778,14.65219536,40.62654169,4054,4.908732116,36.9165488,99.41588785,9.06133829,0.007398542,0.004624089,20.92307692,13.07692308,1.202263083,34,195,2,2,2,0,0,4,6,33.33333333,33.33333333,33.33333333,0,0,66.66666667,1989240,0.002037964,economy,83.33333333,16.66666667,0,0,0,0,72.22222222,0,NA,0,NA,0,0,0,0,0,0,0,0,0
36,37021000100,2018,1000_000280,2018_034_00811,MALAPROPS BOOKSTORECAFE,BOOKSTORES,0,0,1,0,0,1,0,0,0,0,0,0,0,0,0,0,0,0,0,0,0,0,0,0,0,0,0,0,0,0,0,0,0,0,0,0,8282546734,NA,NA,NA,NA,NA,"55 Haywood St, Asheville, North Carolina",NA,NA,Buncombe County,NORTH CAROLINA,NC,NA,NA,NA,NA,NA,NA,NA,NA,NA,NA,NA,NA,NA,NA,NA,NA,NA,NA,NA,NA,NA,NA,NA,NA,NA,NA,NA,NA,NA,NA,NA,NA,NA,NA,NA,NA,NA,NA,NA,NA,NA,NA,NA,NA,NA,NA,NA,"c(1203552.38650742, -127984.733654441)",ROOFTOP,37,21,100,1,Census Tract 1,0,35.59488,-82.5532037,G3700210000100,969126.8046,4715.543012,0.727810651,1,1,1,0,0,0,37021,11700,"Asheville, NC",Metropolitan Statistical Area,Central,3702140,Asheville,83393,1,1,1,1,1,1,1,1,1,1,1,1,0,0,1,1,1,1,1,1,0,0,28,478,786,18311.4624,65,965,493060.48,353.1264,30.64389766,39312.416,233,1087,86,76.47668394,1.867911941,35.3028065,4.336224149,15.5436958,72.51501001,1499,5.737158105,25.19762846,80.02544529,2.606635071,0,0,0,0,0,0,11,6,6,6,0,0,7,13,46.15384615,46.15384615,46.15384615,0,0,53.84615385,969131,0.001546747,economy,92.30769231,7.692307692,0,0,0,0,85.79881657,0,NA,0,NA,0,0,0,0,0,0,0,0,0
37,37021000100,2019,1000_000280,2019_040_08532,MALAPROPS BOOKSTORECAFE,BOOKSTORES,0,0,0,1,1,0,0,0,0,0,0,1,0,0,0,0,0,0,0,0,0,0,0,0,0,0,0,0,0,0,0,0,0,0,0,0,8282546734,NA,NA,NA,NA,NA,"55 Haywood St, Asheville, North Carolina",NA,NA,Buncombe County,NORTH CAROLINA,NC,NA,NA,NA,NA,NA,NA,NA,NA,NA,NA,NA,NA,NA,NA,NA,NA,NA,NA,NA,NA,NA,NA,NA,NA,NA,NA,NA,NA,NA,NA,NA,NA,NA,NA,NA,NA,NA,NA,NA,NA,NA,NA,NA,NA,NA,NA,NA,"c(1203552.38650742, -127984.733654441)",ROOFTOP,37,21,100,1,Census Tract 1,0,35.59488,-82.5532037,G3700210000100,969126.8046,4715.543012,0.530612245,0,0,0,0,0,1,37021,11700,"Asheville, NC",Metropolitan Statistical Area,Central,3702140,Asheville,83393,1,1,1,1,1,1,1,1,1,1,1,1,0,0,1,1,1,1,1,1,0,0,22,433,937,16641,90,976,453448.76,315.8092,30.56982161,39002.806,257,1005,71,80.22540984,1.522491349,32.82789992,6.228373702,17.78546713,69.55017301,1445,4.91349481,29.51167728,82.45382586,1.814058957,0,0,0,0,0,0,8,8,8,8,0,0,6,14,57.14285714,57.14285714,57.14285714,0,0,42.85714286,969131,0.001491026,economy,92.85714286,7.142857143,0,0,0,0,86.73469388,0,NA,0,NA,0,0,0,0,0,0,0,0,0
38,37063000402,2018,1000_000286,2018_294_09118,REGULATOR BOOKSHOP,BOOKSTORES,0,0,0,0,0,0,0,0,0,0,0,0,0,0,0,0,0,0,0,0,0,0,0,0,0,0,0,0,0,0,0,0,0,0,0,0,9192862700,NA,NA,NA,NA,NA,"720 9th St, Durham, North Carolina",NA,NA,Durham County,NORTH CAROLINA,NC,NA,NA,NA,NA,NA,NA,NA,NA,NA,NA,NA,NA,NA,NA,NA,NA,NA,NA,NA,NA,NA,NA,NA,NA,NA,NA,NA,NA,NA,NA,NA,NA,NA,NA,NA,NA,NA,NA,NA,NA,NA,NA,NA,NA,NA,NA,NA,"c(1517382.20546053, -30380.4527443061)",ROOFTOP,37,63,402,4.02,Census Tract 4.02,0,36.0124829,-78.9281202,G3700630000402,1432188.314,7703.629478,0.333333333,0,0,0,0,0,1,37063,20500,"Durham-Chapel Hill, NC",Metropolitan Statistical Area,Central,3719000,Durham,228330,1,NA,NA,1,NA,NA,NA,NA,NA,NA,NA,1,1,NA,NA,NA,NA,NA,NA,NA,0,0,165,1312,1257,37364.8,208,1436,227131.52,1102.7456,41.05011063,46551.5072,87,1710,72,60.93314763,7.359500446,80.63921328,9.277430865,3.880463872,76.27118644,2242,3.211418376,25.86975914,79.31583134,4.208998549,0.715990453,0,9,0,0.715990453,9,58,2,2,2,0,0,1,3,66.66666667,66.66666667,66.66666667,0,0,33.33333333,1432187,0.001565438,economy,100,0,0,0,0,0,100,0,NA,0,NA,0,0,0,0,0,0,0,0,0
39,37063000402,2019,1000_000286,2019_391_05028,REGULATOR BOOKSHOP,BOOKSTORES,0,0,1,0,1,0,0,1,0,0,0,0,0,0,0,0,0,0,0,0,0,0,1,0,0,0,0,0,0,0,0,0,0,0,0,0,9192862700,NA,NA,NA,NA,NA,"720 9th St, Durham, North Carolina",NA,NA,Durham County,NORTH CAROLINA,NC,NA,NA,NA,NA,NA,NA,NA,NA,NA,NA,NA,NA,NA,NA,NA,NA,NA,NA,NA,NA,NA,NA,NA,NA,NA,NA,NA,NA,NA,NA,NA,NA,NA,NA,NA,NA,NA,NA,NA,NA,NA,NA,NA,NA,NA,NA,NA,"c(1517382.20546053, -30380.4527443061)",ROOFTOP,37,63,402,4.02,Census Tract 4.02,0,36.0124829,-78.9281202,G3700630000402,1432188.314,7703.629478,0.333333333,1,1,1,0,0,0,37063,20500,"Durham-Chapel Hill, NC",Metropolitan Statistical Area,Central,3719000,Durham,228330,1,NA,NA,1,NA,NA,NA,NA,NA,NA,NA,1,1,NA,NA,NA,NA,NA,NA,NA,0,0,134,1416,2337,34761.2,183,1509,225651.96,1073.1596,38.92136386,46068.9444,84,1841,95,56.79257787,5.733846812,81.2858783,7.83055199,3.594351733,78.77620881,2337,4.06504065,26.14462987,79.40320233,3.763066202,0.003851091,0,9,0,0.385109114,9,54,5,5,5,0,0,1,6,83.33333333,83.33333333,83.33333333,0,0,16.66666667,1432187,0.00163177,economy,100,0,0,0,0,0,100,0,NA,0,NA,0,0,0,0,0,0,0,0,0
40,38017000700,2019,1000_000300,2019_395_05168,ROMANTIX,EROTICA / ADULT STORES / SAFE SEX SUPPLIES,0,0,1,0,1,0,0,0,0,0,1,0,0,0,0,0,0,0,0,0,0,0,0,0,0,0,0,0,0,0,0,0,0,0,0,0,7012329768,NA,NA,NA,NA,NA,"417 Northern Pacific Ave, Fargo, North Dakota",NA,NA,Cass County,NORTH DAKOTA,ND,NA,NA,NA,NA,NA,NA,NA,NA,NA,NA,NA,NA,NA,NA,NA,NA,NA,NA,NA,NA,NA,NA,NA,NA,NA,NA,NA,NA,NA,NA,NA,NA,NA,NA,NA,NA,NA,NA,NA,NA,NA,NA,NA,NA,NA,NA,NA,"c(-60142.1764307718, 1047446.87156536)",ROOFTOP,38,17,700,7,Census Tract 7,0,46.8768696,-96.7855766,G3800170000700,964856.0172,5206.36995,0.25,1,1,1,0,0,0,38017,22020,"Fargo, ND-MN",Metropolitan Statistical Area,Central,3825700,Fargo,105549,1,1,1,1,0,1,1,1,1,1,1,1,1,0,0,0,0,0,0,0,0,0,51,438,1676,15164.7584,49,1567,334742.96,463.7292,33.23670669,47826.9736,206,1232,138,76.51563497,3.042959427,37.8565255,2.923627685,12.29116945,73.50835322,1676,8.233890215,33.35322196,92.59855189,5.685358255,0,0.020286396,0,34,2.028639618,34,73,2,2,2,0,0,2,4,50,50,50,0,0,50,964857,0.001737045,economy,75,25,0,0,0,0,62.5,0,NA,0,NA,0,0,0,0,0,0,0,0,1
41,11001004202,2019,1000_000303,2019_183_02233,KRAMER BOOKS  AFTERWORDS CAFE  GRILL,BOOKSTORES,0,0,1,0,1,1,0,0,0,0,0,0,0,0,0,0,0,0,0,0,0,0,0,0,0,0,0,0,0,0,0,0,0,0,0,0,2023871400,NA,NA,NA,NA,NA,"1517 Connecticut Ave NW, Washington, District of Co",NA,NA,District of Columbia,DISTRICT OF COLUMBIA,DC,NA,NA,NA,NA,NA,NA,NA,NA,NA,NA,NA,NA,NA,NA,NA,NA,NA,NA,NA,NA,NA,NA,NA,NA,NA,NA,NA,NA,NA,NA,NA,NA,NA,NA,NA,NA,NA,NA,NA,NA,NA,NA,NA,NA,NA,NA,NA,"c(1617697.5576367, 320005.857530446)",ROOFTOP,11,1,4202,42.02,Census Tract 42.02,0,38.9134044,-77.0430359,G1100010004202,208408.8723,2106.589384,0.183673469,1,1,1,0,0,0,11001,47900,"Washington-Arlington-Alexandria, DC-VA-MD-WV",Metropolitan Statistical Area,Central,1150000,Washington,601723,1,1,1,1,0,0,0,0,0,1,1,0,0,0,1,1,1,0,1,1,0,0,180,2061,2272,76220.2176,283,1792,445682.96,1397.1044,43.81083362,76734.2396,39,1805,69,100,7.575757576,94.67156638,11.91077441,1.641414141,75.96801347,2376,2.904040404,6.190061029,73.17676143,3.68159204,0,0.007922535,0,18,0.792253521,18,74,3,3,3,0,0,4,7,42.85714286,42.85714286,42.85714286,0,0,57.14285714,208409,0.011400659,economy,57.14285714,0,0,28.57142857,0,14.28571429,42.85714286,0,NA,0,NA,0,0,0,0,0,1,0,1,0
42,42101000600,2019,1000_000320,2019_429_06939,DANNYS MIDNIGHT CONFESSIONS,EROTICA / ADULT STORES / SAFE SEX SUPPLIES,0,0,0,1,1,0,0,0,0,0,0,0,0,0,0,0,0,0,0,0,0,0,0,0,0,0,0,0,0,0,0,0,0,0,0,0,2159255041,NA,NA,NA,NA,NA,"133 S 13th St, Philadelphia, Pennsylvania",NA,NA,Philadelphia County,PENNSYLVANIA,PA,NA,NA,NA,NA,NA,NA,NA,NA,NA,NA,NA,NA,NA,NA,NA,NA,NA,NA,NA,NA,NA,NA,NA,NA,NA,NA,NA,NA,NA,NA,NA,NA,NA,NA,NA,NA,NA,NA,NA,NA,NA,NA,NA,NA,NA,NA,NA,"c(1750520.26825452, 467221.528697999)",ROOFTOP,42,101,600,6,Census Tract 6,0,39.9493845,-75.1583354,G4201010000600,172655.7452,2349.708791,0.25,0,0,0,0,0,1,42101,37980,"Philadelphia-Camden-Wilmington, PA-NJ-DE-MD",Metropolitan Statistical Area,Central,4260000,Philadelphia,1526006,1,1,1,1,1,0,1,1,1,1,1,1,1,1,1,1,1,0,1,1,1,1,120,932,1194,62593.8272,86,1046,510915.68,1360.1244,32.55403944,53504.8828,108,903,5,86.32887189,9.819967267,87.2659176,7.037643208,8.83797054,73.89525368,1222,0.409165303,11.30653266,95.04447268,3.604651163,0,0.002512563,0,3,0.251256281,3,31,0,0,0,0,0,4,4,0,0,0,0,0,100,172655,0.007077698,economy,50,0,25,25,0,0,37.5,0,NA,0,NA,0,0,0,0,0,1,0,1,0
43,48453001503,2018,1000_000322,2018_341_10586,BOOKWOMAN,BOOKSTORES,0,0,0,1,1,0,0,0,0,0,1,0,0,0,0,0,0,0,0,0,0,0,0,0,0,0,0,0,0,0,0,0,0,0,0,0,5124722785,NA,NA,NA,NA,NA,"5501 N Lamar Blvd, Austin, Texas",NA,NA,Travis County,TEXAS,TX,NA,NA,NA,NA,NA,NA,NA,NA,NA,NA,NA,NA,NA,NA,NA,NA,NA,NA,NA,NA,NA,NA,NA,NA,NA,NA,NA,NA,NA,NA,NA,NA,NA,NA,NA,NA,NA,NA,NA,NA,NA,NA,NA,NA,NA,NA,NA,"c(-165851.526133161, -800012.759777905)",ROOFTOP,48,453,1503,15.03,Census Tract 15.03,0,30.3272586,-97.71577,G4804530001503,3474894.641,7798.863299,0.375,0,0,0,0,0,1,48453,12420,"Austin-Round Rock, TX",Metropolitan Statistical Area,Central,4805000,Austin,790390,1,1,1,1,1,1,1,1,1,1,1,1,1,0,0,0,1,0,0,1,1,1,173,1845,1901,41438.144,1007,2144,228525.44,931.6032,38.66462595,56696.1472,217,2420,229,86.38059701,4.275827978,56.69944683,24.88877904,5.363321799,59.81216016,4046,5.659911023,15.62036579,62.49342451,6.368386675,1.36770121,1.630720673,26,31,2.998421883,57,195,3,3,3,0,0,1,4,75,75,75,0,0,25,3474896,0.001164351,economy,50,0,0,50,0,0,50,1,NA,0,48453001503,0,0,0,0,0,0,0,0,0
44,48453001503,2019,1000_000322,2019_049_07207,BOOKWOMAN,BOOKSTORES,0,0,1,0,1,0,0,0,0,0,0,0,0,0,0,0,0,0,0,0,0,0,0,0,0,0,0,0,0,0,0,0,0,0,0,0,5124722785,NA,NA,NA,NA,NA,"5501 N Lamar Blvd, Austin, Texas",NA,NA,Travis County,TEXAS,TX,NA,NA,NA,NA,NA,NA,NA,NA,NA,NA,NA,NA,NA,NA,NA,NA,NA,NA,NA,NA,NA,NA,NA,NA,NA,NA,NA,NA,NA,NA,NA,NA,NA,NA,NA,NA,NA,NA,NA,NA,NA,NA,NA,NA,NA,NA,NA,"c(-165851.526133161, -800012.759777905)",ROOFTOP,48,453,1503,15.03,Census Tract 15.03,0,30.3272586,-97.71577,G4804530001503,3474894.641,7798.863299,0.333333333,1,1,1,0,0,0,48453,12420,"Austin-Round Rock, TX",Metropolitan Statistical Area,Central,4805000,Austin,790390,1,1,1,1,1,1,1,1,1,1,1,1,1,0,0,0,1,0,0,1,1,1,170,2088,4390,47490.4556,1166,2184,250206.68,975.5324,38.51425226,56833.8224,249,2577,228,82.96703297,3.872437358,60.55684455,26.56036446,5.671981777,58.70159453,4390,5.193621868,14.25968109,64.84295846,4.828388598,0.005818647,0.006937617,25.54385965,30.45614035,1.275626424,56,166,1,1,1,0,0,2,3,33.33333333,33.33333333,33.33333333,0,0,66.66666667,3474896,0.001263347,economy,33.33333333,0,0,66.66666667,0,0,55.55555556,1,NA,0,48453001503,0,0,0,0,0,0,0,0,0
45,50025968500,2018,1000_000331,2018_045_01069,EVERYONES BOOKS,BOOKSTORES,0,0,0,0,0,0,0,0,0,0,0,0,0,0,0,0,0,0,0,0,0,0,0,0,0,0,0,0,0,0,0,0,0,0,0,0,8022548160,NA,NA,NA,NA,NA,"25 Elliot St, Brattleboro, Vermont",NA,NA,Windham County,VERMONT,VT,NA,NA,NA,NA,NA,NA,NA,NA,NA,NA,NA,NA,NA,NA,NA,NA,NA,NA,NA,NA,NA,NA,NA,NA,NA,NA,NA,NA,NA,NA,NA,NA,NA,NA,NA,NA,NA,NA,NA,NA,NA,NA,NA,NA,NA,NA,NA,"c(1885655.16689404, 833142.140264793)",ROOFTOP,50,25,968500,9685,Census Tract 9685,334382,42.8403772,-72.5685454,G5000250968500,9026911.394,13001.73764,0.333333333,0,0,0,0,0,1,50025,NA,NA,NA,NA,NA,NA,NA,0,0,0,0,0,0,0,0,0,0,0,0,0,0,0,0,0,0,0,0,0,0,128,1658,2500,30115.6416,293,2771,149768.96,729.4848,NA,NA,23,4781,156,98.23168531,2.378740011,41.36726547,5.445084557,0.427429846,88.8496562,5381,2.899089389,25.03323837,60.2,10.80808081,1,0,25,0,1,25,321,2,2,2,0,0,1,3,66.66666667,66.66666667,66.66666667,0,0,33.33333333,8692530,0.000619037,economy,100,0,0,0,0,0,100,0,NA,0,NA,0,0,0,0,0,0,0,0,1
46,50025968500,2019,1000_000331,2019_052_12861,EVERYONES BOOKS,BOOKSTORES,0,0,0,1,1,0,0,0,0,0,0,0,0,0,0,0,0,0,0,0,0,0,0,0,0,0,0,1,0,0,0,0,0,0,0,0,8022548160,NA,NA,NA,NA,NA,"25 Elliot St, Brattleboro, Vermont",NA,NA,Windham County,VERMONT,VT,NA,NA,NA,NA,NA,NA,NA,NA,NA,NA,NA,NA,NA,NA,NA,NA,NA,NA,NA,NA,NA,NA,NA,NA,NA,NA,NA,NA,NA,NA,NA,NA,NA,NA,NA,NA,NA,NA,NA,NA,NA,NA,NA,NA,NA,NA,NA,"c(1885655.16689404, 833142.140264793)",ROOFTOP,50,25,968500,9685,Census Tract 9685,334382,42.8403772,-72.5685454,G5000250968500,9026911.394,13001.73764,0.5,0,0,0,0,0,1,50025,NA,NA,NA,NA,NA,NA,NA,0,0,0,0,0,0,0,0,0,0,0,0,0,0,0,0,0,0,0,0,0,0,37,1534,5123,24776.6,114,2929,147476.24,652.3272,NA,NA,29,4930,169,98.15636736,0.70089032,37.72749631,2.159499905,0.549346467,93.38889941,5279,3.201363895,27.83684516,63.60544218,5.873436908,0.00312317,0,16,0,0.312317002,16,155,0,0,0,0,0,2,2,0,0,0,0,0,100,8692530,0.000607303,economy,100,0,0,0,0,0,100,0,NA,0,NA,0,0,0,0,0,0,0,0,1
47,50003970400,2018,1000_000335,2018_359_11205,NORTHSHIRE BOOKSTORE,BOOKSTORES,0,0,0,0,0,0,0,0,0,0,0,0,0,1,0,0,0,0,0,0,0,0,0,0,0,0,0,0,0,0,0,0,0,0,0,0,8023622200,NA,NA,NA,NA,NA,"4869 Main St, Manchester Center, Vermont",NA,NA,Bennington County,VERMONT,VT,NA,NA,NA,NA,NA,NA,NA,NA,NA,NA,NA,NA,NA,NA,NA,NA,NA,NA,NA,NA,NA,NA,NA,NA,NA,NA,NA,NA,NA,NA,NA,NA,NA,NA,NA,NA,NA,NA,NA,NA,NA,NA,NA,NA,NA,NA,NA,"c(1837684.14421901, 858577.16457991)",ROOFTOP,50,3,970400,9704,Census Tract 9704,321107,43.1652268,-73.063057,G5000030970400,109435138.1,41767.07442,0.5,0,0,0,0,0,1,50003,13540,"Bennington, VT",Micropolitan Statistical Area,Central,NA,NA,NA,0,0,0,0,0,0,0,0,0,0,0,0,0,0,0,0,0,0,0,0,0,0,47,1366,1963,39340.2944,8,2946,225272.96,637.3312,31.45190917,41074.176,23,4126,69,87.50848608,1.099929792,42.50155569,0.187222092,0.538263515,96.55979406,4273,1.614790545,6.090887461,29.19001528,4.594370861,0,0.866021396,0,17,0.866021396,17,111,0,0,0,0,0,2,2,0,0,0,0,0,100,109114018,3.92E-05,economy,100,0,0,0,0,0,100,0,NA,0,NA,0,0,0,0,0,0,0,0,0
48,50003970400,2019,1000_000335,2019_476_07891,NORTHSHIRE BOOKSTORE,BOOKSTORES,0,1,0,0,1,0,0,0,0,0,0,0,0,0,0,0,0,0,0,0,0,0,0,0,0,0,0,0,0,0,0,0,0,0,0,0,8023622200,NA,NA,NA,NA,NA,"4869 Main St, Manchester Center, Vermont",NA,NA,Bennington County,VERMONT,VT,NA,NA,NA,NA,NA,NA,NA,NA,NA,NA,NA,NA,NA,NA,NA,NA,NA,NA,NA,NA,NA,NA,NA,NA,NA,NA,NA,NA,NA,NA,NA,NA,NA,NA,NA,NA,NA,NA,NA,NA,NA,NA,NA,NA,NA,NA,NA,"c(1837684.14421901, 858577.16457991)",ROOFTOP,50,3,970400,9704,Census Tract 9704,321107,43.1652268,-73.063057,G5000030970400,109435138.1,41767.07442,0.277777778,0,0,0,0,0,1,50003,13540,"Bennington, VT",Micropolitan Statistical Area,Central,NA,NA,NA,0,0,0,0,0,0,0,0,0,0,0,0,0,0,0,0,0,0,0,0,0,0,35,1419,4212,49923,0,3122,230385.4,485.1776,31.13682558,41552.9468,47,4090,81,84.72133248,0.822948507,45.1910828,0,1.105102281,96.16741124,4253,1.904537973,5.131236699,33.6024218,2.983802217,0,0.005460589,0,23,0.546058879,23,70,0,0,0,0,0,6,6,0,0,0,0,0,100,109114018,3.90E-05,economy,83.33333333,0,0,0,0,16.66666667,72.22222222,0,NA,0,NA,0,0,0,0,0,0,0,0,0
49,53073000600,2019,1000_000342,2019_488_16759,GREAT NORTHERN BOOKS,EROTICA / ADULT STORES / SAFE SEX SUPPLIES,0,0,0,0,0,0,0,0,0,0,0,0,0,0,0,0,0,0,0,0,0,0,0,0,0,0,0,0,0,0,0,0,0,0,0,0,3607331650,NA,NA,NA,NA,NA,"1308 Railroad, Bellingham, Washington",NA,NA,Whatcom County,WASHINGTON,WA,NA,NA,NA,NA,NA,NA,NA,NA,NA,NA,NA,NA,NA,NA,NA,NA,NA,NA,NA,NA,NA,NA,NA,NA,NA,NA,NA,NA,NA,NA,NA,NA,NA,NA,NA,NA,NA,NA,NA,NA,NA,NA,NA,NA,NA,NA,NA,"c(-1943921.16557039, 1526437.77468906)",ROOFTOP,53,73,600,6,Census Tract 6,157711,48.7478908,-122.4859588,G5300730000600,1063020.589,5709.927304,0.5,0,0,0,0,0,1,53073,13380,"Bellingham, WA",Metropolitan Statistical Area,Central,5305280,Bellingham,80885,1,1,1,1,0,0,1,1,1,1,0,1,1,0,0,1,0,0,1,0,1,0,154,545,1676,19414.5,171,1200,224542.56,670.8172,29.46508607,46582.9664,74,1533,204,40.58333333,7.209737828,38.48870056,8.005617978,3.464419476,71.76966292,2136,9.550561798,41.40811456,94.93996569,7.407407407,0,0,0,0,0,0,68,1,1,1,0,0,1,2,50,50,50,0,0,50,1063019,0.002009371,economy,100,0,0,0,0,0,100,0,NA,0,NA,0,0,0,0,0,0,0,0,0
50,50007001000,2019,1000_000346,2019_052_08913,KRAJAC SUSAN CRPC MERRILL LYNCH,"FINANCIAL PLANNING, INVESTMENT (SEE ALSO INSURANCE)",0,0,0,1,0,0,0,0,0,0,0,0,0,0,0,0,0,0,0,0,0,0,0,0,0,0,0,0,0,0,0,0,0,0,0,0,8664561068,NA,NA,NA,NA,NA,"60 Lake St, Burlington, Vermont",NA,NA,Chittenden County,VERMONT,VT,NA,NA,NA,NA,NA,NA,NA,NA,NA,NA,NA,NA,NA,NA,NA,NA,NA,NA,NA,NA,NA,NA,NA,NA,NA,NA,NA,NA,NA,NA,NA,NA,NA,NA,NA,NA,NA,NA,NA,NA,NA,NA,NA,NA,NA,NA,NA,"c(1790479.29270903, 996389.048418851)",ROOFTOP,50,7,1000,10,Census Tract 10,30308,44.4660208,-73.2168276,G5000070001000,1789907.037,10709.56654,0.165,0,0,0,0,0,1,50007,15540,"Burlington-South Burlington, VT",Metropolitan Statistical Area,Central,5010675,Burlington,42417,1,1,1,1,0,0,1,1,1,1,1,0,0,0,0,0,0,0,0,0,1,1,72,988,2193,28374.754,70,1417,236967.84,875.6864,38.29529963,52817.0548,168,1927,74,89.34368384,3.115534401,54.6460177,3.028991778,7.269580268,83.38381653,2311,3.202077023,16.80488869,75.32971296,3.7109375,0,0,0,0,0,0,57,12,12,12,0,0,8,20,60,60,60,0,0,40,1759600,0.001313367,economy,55,5,20,15,0,5,37,0,NA,0,NA,0,0,0,0,0,0,0,0,0
51,50007001000,2019,1000_000346,2019_474_07864,PEACE  JUSTICE STORE,"GIFTS, CARDS, PRIDE, ETC.",0,0,1,0,0,0,0,0,0,0,0,0,0,0,0,0,0,0,0,0,0,0,0,0,0,0,0,1,0,0,0,0,0,0,0,0,8028632345,NA,NA,NA,NA,NA,"60 Lake St, Burlington, Vermont",NA,NA,Chittenden County,VERMONT,VT,NA,NA,NA,NA,NA,NA,NA,NA,NA,NA,NA,NA,NA,NA,NA,NA,NA,NA,NA,NA,NA,NA,NA,NA,NA,NA,NA,NA,NA,NA,NA,NA,NA,NA,NA,NA,NA,NA,NA,NA,NA,NA,NA,NA,NA,NA,NA,"c(1790479.29270903, 996389.048418851)",ROOFTOP,50,7,1000,10,Census Tract 10,30308,44.4660208,-73.2168276,G5000070001000,1789907.037,10709.56654,0.165,1,1,1,0,0,0,50007,15540,"Burlington-South Burlington, VT",Metropolitan Statistical Area,Central,5010675,Burlington,42417,1,1,1,1,0,0,1,1,1,1,1,0,0,0,0,0,0,0,0,0,1,1,72,988,2193,28374.754,70,1417,236967.84,875.6864,38.29529963,52817.0548,168,1927,74,89.34368384,3.115534401,54.6460177,3.028991778,7.269580268,83.38381653,2311,3.202077023,16.80488869,75.32971296,3.7109375,0,0,0,0,0,0,57,12,12,12,0,0,8,20,60,60,60,0,0,40,1759600,0.001313367,economy,55,5,20,15,0,5,37,1,NA,0,50007001000,0,0,0,0,0,0,0,0,0
52,36061007300,2018,1000_000349,2018_274_08452,THREE LIVES  CO LTD,BOOKSTORES,0,0,1,0,0,0,0,0,0,0,0,0,0,0,0,0,0,0,0,0,0,0,0,0,0,0,0,0,0,0,0,0,0,0,0,0,2127412069,NA,NA,NA,NA,NA,"154 W 10th St, New York, New York",NA,NA,New York County,NEW YORK,NY,NA,NA,NA,NA,NA,NA,NA,NA,NA,NA,NA,NA,NA,NA,NA,NA,NA,NA,NA,NA,NA,NA,NA,NA,NA,NA,NA,NA,NA,NA,NA,NA,NA,NA,NA,NA,NA,NA,NA,NA,NA,NA,NA,NA,NA,NA,NA,"c(1826112.99760113, 574764.692165887)",ROOFTOP,36,61,7300,73,Census Tract 73,0,40.7341146,-74.0041065,G3600610007300,165299.4537,1753.870632,0.3515625,1,1,1,0,0,0,36061,35620,"New York-Newark-Jersey City, NY-NJ-PA",Metropolitan Statistical Area,Central,3651000,New York,8175133,1,1,0,0,0,0,1,0,0,0,0,0,0,1,1,1,1,0,0,0,0,0,293,4679,3727,78422.7136,540,4573,541770.24,1616.9472,34.68020331,58146.5984,68,4936,50,99.54078286,4.977068116,87.72028496,9.172753525,1.155087481,83.84576185,5887,0.84932903,7.423135723,75.8518916,7.775726811,0.670780789,2.76361685,25,103,3.434397639,128,337,7,7,7,0,0,9,16,43.75,43.75,43.75,0,0,56.25,165299,0.035614251,economy,62.5,0,25,12.5,0,0,46.875,0,NA,0,NA,0,0,0,0,0,1,0,1,1
53,36061007300,2019,1000_000349,2019_037_06204,THREE LIVES  COMPANY,BOOKSTORES,0,0,0,1,0,0,0,0,0,0,0,0,0,0,0,0,0,0,0,0,0,0,0,0,0,0,0,0,0,0,0,0,0,0,0,0,2127412069,NA,NA,NA,NA,NA,"154 W 10th St, New York, New York",NA,NA,New York County,NEW YORK,NY,NA,NA,NA,NA,NA,NA,NA,NA,NA,NA,NA,NA,NA,NA,NA,NA,NA,NA,NA,NA,NA,NA,NA,NA,NA,NA,NA,NA,NA,NA,NA,NA,NA,NA,NA,NA,NA,NA,NA,NA,NA,NA,NA,NA,NA,NA,NA,"c(1826112.99760113, 574764.692165887)",ROOFTOP,36,61,7300,73,Census Tract 73,0,40.7341146,-74.0041065,G3600610007300,165299.4537,1753.870632,0.325443787,0,0,0,0,0,1,36061,35620,"New York-Newark-Jersey City, NY-NJ-PA",Metropolitan Statistical Area,Central,3651000,New York,8175133,1,1,0,0,0,0,1,0,0,0,0,0,0,1,1,1,1,0,0,0,0,0,231,4626,5752,88697.2696,436,4429,535692.28,1722.5284,34.72075923,58260.5108,56,5036,0,100,4.01111304,91.3687537,7.570758812,0.97239104,87.44573711,5759,0,6.893557909,77.47823645,7.205707491,0.001290312,0.005316086,7.421875,30.578125,0.660639777,38,303,8,8,8,0,0,5,13,61.53846154,61.53846154,61.53846154,0,0,38.46153846,165299,0.034839896,economy,69.23076923,0,15.38461538,15.38461538,0,0,52.66272189,0,NA,0,NA,0,0,0,0,0,1,0,1,1
54,19013000900,2019,1000_000398,2019_244_03218,ROMANTIX ADULT BOUTIQUE,EROTICA / ADULT STORES / SAFE SEX SUPPLIES,0,0,1,0,1,0,0,0,0,0,0,0,1,1,0,0,0,1,1,0,0,0,0,0,0,0,0,0,0,0,0,0,0,0,0,0,3192349340,NA,NA,NA,NA,NA,"1507 Laporte Rd, Waterloo, Iowa",NA,NA,Black Hawk County,IOWA,IA,NA,NA,NA,NA,NA,NA,NA,NA,NA,NA,NA,NA,NA,NA,NA,NA,NA,NA,NA,NA,NA,NA,NA,NA,NA,NA,NA,NA,NA,NA,NA,NA,NA,NA,NA,NA,NA,NA,NA,NA,NA,NA,NA,NA,NA,NA,NA,"c(300429.453137057, 562697.208183886)",ROOFTOP,19,13,900,9,Census Tract 9,906954,42.4698029,-92.318341,G1900130000900,8376696.903,17720.20453,1,1,1,1,0,0,0,19013,47940,"Waterloo-Cedar Falls, IA",Metropolitan Statistical Area,Central,1982425,Waterloo,68406,1,0,0,1,0,0,0,0,0,0,0,0,0,1,1,1,1,0,0,0,0,0,98,385,2023,22222.7612,146,1239,103913.8,485.1776,25.14440951,42523.302,170,1573,45,62.22760291,4.822834646,27.44119743,7.18503937,8.366141732,77.41141732,2032,2.214566929,28.54330709,71.44104803,11.02620087,0,0,0,0,0,0,101,1,1,1,0,0,0,1,100,100,100,0,0,0,7469747,0.000272031,economy,100,0,0,0,0,0,100,0,NA,0,NA,0,0,0,0,1,0,0,0,0
55,21111008200,2018,1000_000403,2018_193_05968,CARMICHAELS BOOKSTORE,BOOKSTORES,0,0,0,1,0,0,0,0,0,0,0,0,0,1,0,0,0,0,0,0,0,0,0,0,0,0,0,0,0,0,0,0,0,0,0,0,5024566950,502-896-6950,NA,NA,NA,NA,"1295 Bardstown Rd, Louisville, Kentucky",NA,NA,Jefferson County,KENTUCKY,KY,NA,NA,NA,NA,NA,NA,NA,NA,NA,NA,NA,NA,NA,NA,NA,NA,NA,NA,NA,NA,NA,NA,NA,NA,NA,NA,NA,NA,NA,NA,NA,NA,NA,NA,NA,NA,NA,NA,NA,NA,NA,NA,NA,NA,NA,NA,NA,"c(889961.349265546, 130645.862922553)",ROOFTOP,21,111,8200,82,Census Tract 82,30822,38.2454153,-85.7163053,G2101110008200,2499095.224,7613.840934,0.555555556,0,0,0,0,0,1,21111,31140,"Louisville/Jefferson County, KY-IN",Metropolitan Statistical Area,Central,NA,NA,NA,0,0,0,0,0,0,0,0,0,0,0,0,0,0,0,0,0,0,0,0,0,0,34,2135,2106,52756,228,2490,266083.84,689.216,25.17315091,43860.4672,127,3745,80,95.90361446,0.806834362,66.73960613,5.410536308,3.013763645,88.87043189,4214,1.898433792,15.29439923,58.11965812,1.766539661,0,0,0,0,0,0,51,1,1,1,0,0,2,3,33.33333333,33.33333333,33.33333333,0,0,66.66666667,2468275,0.001707265,economy,100,0,0,0,0,0,100,0,NA,0,NA,0,0,0,0,0,0,0,0,1
56,21111008200,2019,1000_000403,2019_250_03800,CARMICHAELS BOOKSTORE,BOOKSTORES,0,0,0,0,0,0,0,0,0,0,1,0,0,0,0,0,0,0,0,0,0,0,0,0,0,0,0,0,0,0,0,0,0,0,0,0,5024566950,502-896-6950,NA,NA,NA,NA,"1295 Bardstown Rd, Louisville, Kentucky",NA,NA,Jefferson County,KENTUCKY,KY,NA,NA,NA,NA,NA,NA,NA,NA,NA,NA,NA,NA,NA,NA,NA,NA,NA,NA,NA,NA,NA,NA,NA,NA,NA,NA,NA,NA,NA,NA,NA,NA,NA,NA,NA,NA,NA,NA,NA,NA,NA,NA,NA,NA,NA,NA,NA,"c(889961.349265546, 130645.862922553)",ROOFTOP,21,111,8200,82,Census Tract 82,30822,38.2454153,-85.7163053,G2101110008200,2499095.224,7613.840934,0.555555556,0,0,0,0,0,1,21111,31140,"Louisville/Jefferson County, KY-IN",Metropolitan Statistical Area,Central,NA,NA,NA,0,0,0,0,0,0,0,0,0,0,0,0,0,0,0,0,0,0,0,0,0,0,87,2221,4145,46932.0576,199,2508,304937.08,668.5984,25.46861032,43753.2568,232,3605,74,97.40829346,2.072909221,67.7960928,4.741482011,5.527757922,85.89468668,4197,1.763164165,14.39557799,58.83432767,1.593371574,0,0,0,0,0,0,50,1,1,1,0,0,2,3,33.33333333,33.33333333,33.33333333,0,0,66.66666667,2468275,0.001700378,economy,100,0,0,0,0,0,100,0,NA,0,NA,0,0,0,0,0,0,0,0,1
57,53033008100,2018,1000_000441,2018_370_11512,LEFT BANK BOOKS,BOOKSTORES,0,0,0,0,0,0,0,0,0,0,0,0,0,0,0,0,0,0,0,0,0,0,0,0,0,0,0,0,0,0,0,0,0,0,0,0,2066220195,NA,NA,NA,NA,NA,"92 Pike St, Seattle, Washington",NA,NA,King County,WASHINGTON,WA,NA,NA,NA,NA,NA,NA,NA,NA,NA,NA,NA,NA,NA,NA,NA,NA,NA,NA,NA,NA,NA,NA,NA,NA,NA,NA,NA,NA,NA,NA,NA,NA,NA,NA,NA,NA,NA,NA,NA,NA,NA,NA,NA,NA,NA,NA,NA,"c(-1968511.05626482, 1402784.03818946)",ROOFTOP,53,33,8100,81,Census Tract 81,368877,47.6058741,-122.3393423,G5300330008100,827798.0131,6169.320626,0.15625,0,0,0,0,0,1,53033,42660,"Seattle-Tacoma-Bellevue, WA",Metropolitan Statistical Area,Central,5363000,Seattle,608660,1,1,0,0,1,0,1,1,1,0,0,0,0,1,1,1,1,0,1,1,1,1,613,2134,2805,53343.7696,324,3579,484000,1293.248,36.96711338,63647.1616,439,2932,398,75.57977089,13.02592435,51.496139,6.884827879,9.328516787,62.30344241,4706,8.457288568,25.50169109,78.89483066,6.477438137,0,1.92513369,0,54,1.92513369,54,178,5,5,5,0,0,3,8,62.5,62.5,62.5,0,0,37.5,827795,0.005684982,economy,37.5,0,25,25,0,12.5,28.125,0,NA,0,NA,0,0,0,0,0,1,0,0,0
58,53033008100,2019,1000_000441,2019_492_08067,LEFT BANK BOOKS,BOOKSTORES,0,1,0,0,0,0,0,0,0,0,0,0,0,0,0,0,0,0,0,0,0,0,0,0,0,0,0,0,0,0,0,0,0,0,0,0,2066220195,NA,NA,NA,NA,NA,"92 Pike St, Seattle, Washington",NA,NA,King County,WASHINGTON,WA,NA,NA,NA,NA,NA,NA,NA,NA,NA,NA,NA,NA,NA,NA,NA,NA,NA,NA,NA,NA,NA,NA,NA,NA,NA,NA,NA,NA,NA,NA,NA,NA,NA,NA,NA,NA,NA,NA,NA,NA,NA,NA,NA,NA,NA,NA,NA,"c(-1968511.05626482, 1402784.03818946)",ROOFTOP,53,33,8100,81,Census Tract 81,368877,47.6058741,-122.3393423,G5300330008100,827798.0131,6169.320626,0.211072664,0,0,0,0,0,1,53033,42660,"Seattle-Tacoma-Bellevue, WA",Metropolitan Statistical Area,Central,5363000,Seattle,608660,1,1,0,0,1,0,1,1,1,0,0,0,0,1,1,1,1,0,1,1,1,1,516,2345,4135,61306.9232,420,3775,504629.08,1471.0644,36.94202265,64238.6976,379,3226,367,73.8807947,10.51344743,53.50216747,8.557457213,7.72208639,65.72942135,4908,7.477587612,21.54044197,77.97979798,4.720455306,0,0.010399033,0,43,1.039903265,43,141,4,4,4,0,0,13,17,23.52941176,23.52941176,23.52941176,0,0,76.47058824,827795,0.005929004,economy,35.29411765,0,11.76470588,11.76470588,0,41.17647059,32.1799308,0,NA,0,NA,0,0,0,0,0,1,0,0,0
59,36061016700,2019,1000_000446,2019_369_06050,LES HOMMES,EROTICA / ADULT STORES / SAFE SEX SUPPLIES,0,0,1,0,0,0,0,0,0,0,0,0,1,0,0,0,0,0,0,0,0,0,0,0,0,0,0,0,0,0,0,0,0,0,0,0,2125802445,NA,NA,NA,NA,NA,"217B W 80th St, New York, New York",NA,NA,New York County,NEW YORK,NY,NA,NA,NA,NA,NA,NA,NA,NA,NA,NA,NA,NA,NA,NA,NA,NA,NA,NA,NA,NA,NA,NA,NA,NA,NA,NA,NA,NA,NA,NA,NA,NA,NA,NA,NA,NA,NA,NA,NA,NA,NA,NA,NA,NA,NA,NA,NA,"c(1826689.37369438, 580657.003082012)",ROOFTOP,36,61,16700,167,Census Tract 167,141457,40.7864633,-73.9835804,G3600610016700,196501.3202,1983.130231,1,1,1,1,0,0,0,36061,35620,"New York-Newark-Jersey City, NY-NJ-PA",Metropolitan Statistical Area,Central,3651000,New York,8175133,1,0,0,0,0,0,0,0,0,0,0,0,0,0,0,0,0,0,0,0,0,0,770,4203,6189,148844.5,411,3674,1196376.96,1672.2356,34.72075923,58260.5108,36,4648,324,98.01306478,12.44142834,87.54426161,6.640814348,0.581677169,75.10098562,6189,5.235094523,8.951365326,59.37398109,4.377457405,0,0,0,0,0,0,167,1,1,1,0,0,0,1,100,100,100,0,0,0,196501,0.031496023,economy,100,0,0,0,0,0,100,0,NA,0,NA,0,0,0,0,0,1,0,0,0
60,55079007600,2018,1000_000461,2018_381_11884,BOSWELL BOOK COMPANY,BOOKSTORES,0,0,1,0,0,0,0,0,0,1,1,0,0,0,0,0,0,0,0,0,0,0,0,0,0,0,0,0,0,0,0,0,0,0,0,0,4143321181,NA,NA,NA,NA,NA,"2559 N Downer Ave, Milwaukee, Wisconsin",NA,NA,Milwaukee County,WISCONSIN,WI,NA,NA,NA,NA,NA,NA,NA,NA,NA,NA,NA,NA,NA,NA,NA,NA,NA,NA,NA,NA,NA,NA,NA,NA,NA,NA,NA,NA,NA,NA,NA,NA,NA,NA,NA,NA,NA,NA,NA,NA,NA,NA,NA,NA,NA,NA,NA,"c(657165.477075665, 651295.271630669)",ROOFTOP,55,79,7600,76,Census Tract 76,0,43.0639974,-87.8785968,G5500790007600,579027.4788,3129.260753,1,1,1,1,0,0,0,55079,33340,"Milwaukee-Waukesha-West Allis, WI",Metropolitan Statistical Area,Central,5553000,Milwaukee,594833,1,1,1,1,0,0,0,0,0,0,0,0,0,0,0,0,0,0,0,0,1,1,68,1537,1694,42501.3952,147,1827,218071.04,781.3696,30.85017,46271.1744,165,3103,129,97.48221128,1.882613511,61.48,4.069767442,4.568106312,85.90808416,3612,3.571428571,19.66966967,77.9811098,2.3954527,0,1.593860685,0,27,1.593860685,27,59,1,1,1,0,0,0,1,100,100,100,0,0,0,579029,0.00623803,economy,100,0,0,0,0,0,100,0,NA,0,NA,0,0,0,0,0,1,0,0,0
61,55079007600,2019,1000_000461,2019_506_10469,BOSWELL BOOK COMPANY,BOOKSTORES,0,0,0,0,0,0,0,0,0,0,0,0,0,0,0,0,0,0,0,0,0,0,0,0,0,0,0,0,0,0,0,0,0,0,0,0,4143321181,NA,NA,NA,NA,NA,"2559 N Downer Ave, Milwaukee, Wisconsin",NA,NA,Milwaukee County,WISCONSIN,WI,NA,NA,NA,NA,NA,NA,NA,NA,NA,NA,NA,NA,NA,NA,NA,NA,NA,NA,NA,NA,NA,NA,NA,NA,NA,NA,NA,NA,NA,NA,NA,NA,NA,NA,NA,NA,NA,NA,NA,NA,NA,NA,NA,NA,NA,NA,NA,"c(657165.477075665, 651295.271630669)",ROOFTOP,55,79,7600,76,Census Tract 76,0,43.0639974,-87.8785968,G5500790007600,579027.4788,3129.260753,1,0,0,0,0,0,1,55079,33340,"Milwaukee-Waukesha-West Allis, WI",Metropolitan Statistical Area,Central,5553000,Milwaukee,594833,1,1,1,1,0,0,0,0,0,0,0,0,0,0,0,0,0,0,0,0,1,1,152,1761,3286,40447.2448,119,1849,201171.2,717.412,30.62630884,46142.9044,189,3048,89,98.05300162,4.225743675,67.1624714,3.308312483,5.254378649,84.73728107,3597,2.474284126,14.45051609,81.09339408,1.977750309,0,0,0,0,0,0,48,0,0,0,0,0,1,1,0,0,0,0,0,100,579029,0.006212124,economy,100,0,0,0,0,0,100,0,NA,0,NA,0,0,0,0,0,1,0,0,0
62,36111950500,2018,1000_000502,2018_266_08144,GOLDEN NOTEBOOK,BOOKSTORES,0,0,0,1,1,0,0,0,0,0,1,0,0,0,0,0,0,0,0,0,0,0,0,0,0,0,0,0,0,0,0,0,0,0,0,0,8456798000,NA,NA,NA,NA,NA,"29 Tinker St, Woodstock, New York",NA,NA,Ulster County,NEW YORK,NY,NA,NA,NA,NA,NA,NA,NA,NA,NA,NA,NA,NA,NA,NA,NA,NA,NA,NA,NA,NA,NA,NA,NA,NA,NA,NA,NA,NA,NA,NA,NA,NA,NA,NA,NA,NA,NA,NA,NA,NA,NA,NA,NA,NA,NA,NA,NA,"c(1783160.39958445, 714842.888568424)",ROOFTOP,36,111,950500,9505,Census Tract 9505,202200,42.0230169,-74.0853975,G3601110950500,31121237.47,34443.66052,0.5,0,0,0,0,0,1,36111,28740,"Kingston, NY",Metropolitan Statistical Area,Central,NA,NA,NA,0,0,0,0,0,0,0,0,0,0,0,0,0,0,0,0,0,0,0,0,0,0,91,1374,1479,46199.9296,151,2017,231158.4,769.7536,28.34202506,49056.6912,134,2710,101,92.21616262,2.855349859,54.35126582,4.737998117,4.204581111,85.03294634,3187,3.169124569,18.32444305,26.09871535,5.605095541,0,0.540906018,0,8,0.540906018,8,88,0,0,0,0,0,2,2,0,0,0,0,0,100,30919017,0.000103076,economy,100,0,0,0,0,0,100,0,NA,0,NA,0,0,0,0,0,0,0,0,0
63,36111950500,2019,1000_000502,2019_356_06283,GOLDEN NOTEBOOK,BOOKSTORES,0,0,0,1,0,0,0,0,0,0,0,0,0,0,0,0,0,0,0,0,0,0,0,0,0,0,0,0,0,0,0,0,0,0,0,0,8456798000,NA,NA,NA,NA,NA,"29 Tinker St, Woodstock, New York",NA,NA,Ulster County,NEW YORK,NY,NA,NA,NA,NA,NA,NA,NA,NA,NA,NA,NA,NA,NA,NA,NA,NA,NA,NA,NA,NA,NA,NA,NA,NA,NA,NA,NA,NA,NA,NA,NA,NA,NA,NA,NA,NA,NA,NA,NA,NA,NA,NA,NA,NA,NA,NA,NA,"c(1783160.39958445, 714842.888568424)",ROOFTOP,36,111,950500,9505,Census Tract 9505,202200,42.0230169,-74.0853975,G3601110950500,31121237.47,34443.66052,0.25,0,0,0,0,0,1,36111,28740,"Kingston, NY",Metropolitan Statistical Area,Central,NA,NA,NA,0,0,0,0,0,0,0,0,0,0,0,0,0,0,0,0,0,0,0,0,0,0,114,1337,3044,45128.1732,121,2035,248727.48,804.6848,27.9072279,47559.2384,118,2598,117,89.04176904,3.71577575,55.17952951,3.943937419,3.846153846,84.68057366,3068,3.813559322,19.03204709,29.36288089,6.233595801,0,0.005913272,0,18,0.591327201,18,95,2,2,2,0,0,2,4,50,50,50,0,0,50,30919017,9.92E-05,economy,100,0,0,0,0,0,100,0,NA,0,NA,0,0,0,0,0,0,0,0,0
64,36061007300,2019,1000_000519,2019_369_06052,PLEASURE CHEST,EROTICA / ADULT STORES / SAFE SEX SUPPLIES,0,0,0,1,0,0,0,0,0,1,1,0,1,0,0,0,0,0,0,0,0,0,0,0,0,0,0,0,0,0,0,0,0,0,0,0,2122422158,NA,NA,NA,NA,NA,"156 7th Ave S, New York, New York",NA,NA,New York County,NEW YORK,NY,NA,NA,NA,NA,NA,NA,NA,NA,NA,NA,NA,NA,NA,NA,NA,NA,NA,NA,NA,NA,NA,NA,NA,NA,NA,NA,NA,NA,NA,NA,NA,NA,NA,NA,NA,NA,NA,NA,NA,NA,NA,NA,NA,NA,NA,NA,NA,"c(1826046.40535839, 574854.891205559)",ROOFTOP,36,61,7300,73,Census Tract 73,0,40.7341146,-74.0041065,G3600610007300,165299.4537,1753.870632,0.325443787,0,0,0,0,0,1,36061,35620,"New York-Newark-Jersey City, NY-NJ-PA",Metropolitan Statistical Area,Central,3651000,New York,8175133,1,1,0,0,0,0,1,0,0,0,0,0,0,1,1,1,1,0,0,0,0,0,231,4626,5752,88697.2696,436,4429,535692.28,1722.5284,34.72075923,58260.5108,56,5036,0,100,4.01111304,91.3687537,7.570758812,0.97239104,87.44573711,5759,0,6.893557909,77.47823645,7.205707491,0.001290312,0.005316086,7.421875,30.578125,0.660639777,38,303,8,8,8,0,0,5,13,61.53846154,61.53846154,61.53846154,0,0,38.46153846,165299,0.034839896,economy,69.23076923,0,15.38461538,15.38461538,0,0,52.66272189,0,NA,0,NA,0,0,0,0,0,1,0,1,1
65,9001070200,2018,1000_000661,2018_013_00280,BLOODROOT VEGETARIAN RESTAURANT  BOOKSTORE,BOOKSTORES,1,0,0,0,0,0,0,0,0,0,0,0,0,0,0,0,0,0,0,0,0,0,0,0,0,0,0,0,0,0,0,0,0,0,0,0,2035769168,NA,NA,NA,NA,NA,"85 Ferris St, Bridgeport, Connecticut",NA,NA,Fairfield County,CONNECTICUT,CT,NA,NA,NA,NA,NA,NA,NA,NA,NA,NA,NA,NA,NA,NA,NA,NA,NA,NA,NA,NA,NA,NA,NA,NA,NA,NA,NA,NA,NA,NA,NA,NA,NA,NA,NA,NA,NA,NA,NA,NA,NA,NA,NA,NA,NA,NA,NA,"c(1878594.96151821, 636040.743717434)",ROOFTOP,9,1,70200,702,Census Tract 702,59847,41.1609517,-73.2207839,G0900010070200,903336.6271,4567.50782,1,1,1,1,0,0,0,9001,14860,"Bridgeport-Stamford-Norwalk, CT",Metropolitan Statistical Area,Central,908000,Bridgeport,144229,1,NA,NA,1,0,NA,0,0,0,NA,NA,0,0,NA,NA,NA,NA,NA,NA,NA,0,0,50,392,1639,28935.456,1406,1805,141173.12,906.048,41.67217314,71995.1936,1269,906,148,99.39058172,1.32310135,14.43298969,37.20560995,33.58031225,23.97459645,3779,3.916379995,21.54008997,77.73032337,13.43020696,0,0,0,0,0,0,305,1,1,1,0,0,0,1,100,100,100,0,0,0,843488,0.004480206,economy,100,0,0,0,0,0,100,0,NA,0,NA,0,0,0,0,0,0,0,0,0
66,9001070200,2019,1000_000661,2019_015_12611,BLOODROOT VEGETARIAN RESTAURANT  BOOKSTORE,BOOKSTORES,0,0,1,0,1,0,0,0,0,0,1,0,0,0,0,0,0,0,0,0,0,0,0,0,0,0,0,0,0,0,0,0,0,0,0,0,2035769168,NA,NA,NA,NA,NA,"85 Ferris St, Bridgeport, Connecticut",NA,NA,Fairfield County,CONNECTICUT,CT,NA,NA,NA,NA,NA,NA,NA,NA,NA,NA,NA,NA,NA,NA,NA,NA,NA,NA,NA,NA,NA,NA,NA,NA,NA,NA,NA,NA,NA,NA,NA,NA,NA,NA,NA,NA,NA,NA,NA,NA,NA,NA,NA,NA,NA,NA,NA,"c(1878594.96151821, 636040.743717434)",ROOFTOP,9,1,70200,702,Census Tract 702,59847,41.1609517,-73.2207839,G0900010070200,903336.6271,4567.50782,1,1,1,1,0,0,0,9001,14860,"Bridgeport-Stamford-Norwalk, CT",Metropolitan Statistical Area,Central,908000,Bridgeport,144229,1,NA,NA,1,0,NA,0,0,0,NA,NA,0,0,NA,NA,NA,NA,NA,NA,NA,0,0,50,474,3880,31572.0448,1265,1847,141559.44,903.0516,41.22949237,70739.042,1568,884,113,98.37574445,1.288659794,18.03652968,32.60309278,40.41237113,22.78350515,3880,2.912371134,20.23195876,80.10982306,12.01353638,0,0,0,0,0,0,284,1,1,1,0,0,0,1,100,100,100,0,0,0,843488,0.004599947,economy,100,0,0,0,0,0,100,0,NA,0,NA,0,0,0,0,0,0,0,0,0
67,12087972500,2018,1000_000669,2018_151_04649,KEY WEST ISLAND BOOKSTORE,BOOKSTORES,0,0,0,1,0,0,0,0,0,0,1,0,0,0,0,0,0,0,0,0,0,0,0,0,0,0,0,0,0,0,0,0,0,0,0,0,3052942904,NA,NA,NA,NA,NA,"513 Fleming St, Key West, Florida",NA,NA,Monroe County,FLORIDA,FL,NA,NA,NA,NA,NA,NA,NA,NA,NA,NA,NA,NA,NA,NA,NA,NA,NA,NA,NA,NA,NA,NA,NA,NA,NA,NA,NA,NA,NA,NA,NA,NA,NA,NA,NA,NA,NA,NA,NA,NA,NA,NA,NA,NA,NA,NA,NA,"c(1452572.89891718, -1328473.01871554)",ROOFTOP,12,87,972500,9725,Census Tract 9725,240167970,24.5452897,-81.912898,G1200870972500,11228018.94,91495.97338,0.2,0,0,0,0,0,1,12087,28580,"Key West, FL",Micropolitan Statistical Area,Central,NA,NA,NA,0,0,0,0,0,0,0,0,0,0,0,0,0,0,0,0,0,0,0,0,0,0,0,484,487,70955.9488,203,1230,673573.12,1552.672,29.30872483,51902.6112,26,855,4,90.6504065,0,53.01204819,18.65808824,2.389705882,78.58455882,1088,0.367647059,2.769230769,57.28952772,0,0,0,0,0,0,0,0,1,1,1,0,0,4,5,20,20,20,0,0,80,10703729,0.000101647,economy,100,0,0,0,0,0,100,0,NA,0,NA,0,0,0,0,0,0,0,0,0
68,12087972500,2019,1000_000669,2019_195_10123,KEY WEST ISLAND BOOKSTORE,BOOKSTORES,0,0,1,0,0,1,0,0,0,1,1,0,1,0,0,0,0,0,0,0,0,0,0,0,0,0,0,0,0,0,0,0,0,0,0,0,3052942904,NA,NA,NA,NA,NA,"513 Fleming St, Key West, Florida",NA,NA,Monroe County,FLORIDA,FL,NA,NA,NA,NA,NA,NA,NA,NA,NA,NA,NA,NA,NA,NA,NA,NA,NA,NA,NA,NA,NA,NA,NA,NA,NA,NA,NA,NA,NA,NA,NA,NA,NA,NA,NA,NA,NA,NA,NA,NA,NA,NA,NA,NA,NA,NA,NA,"c(1452572.89891718, -1328473.01871554)",ROOFTOP,12,87,972500,9725,Census Tract 9725,240167970,24.5452897,-81.912898,G1200870972500,11228018.94,91495.97338,0.274376417,1,1,1,0,0,0,12087,28580,"Key West, FL",Micropolitan Statistical Area,Central,NA,NA,NA,0,0,0,0,0,0,0,0,0,0,0,0,0,0,0,0,0,0,0,0,0,0,0,516,993,74835.6864,193,1225,702620,1535.4096,29.58653264,51796.4068,29,878,4,94.28571429,0,53.58255452,17.48188406,2.626811594,79.52898551,1104,0.362318841,1.711983887,54.58015267,0,0,0,0,0,0,0,0,5,5,5,0,0,16,21,23.80952381,23.80952381,23.80952381,0,0,76.19047619,10703729,0.000103142,economy,95.23809524,4.761904762,0,0,0,0,90.92970522,0,NA,0,NA,0,0,0,0,0,0,0,0,0
69,41003010600,2018,1000_000718,2018_310_09614,GRASS ROOTS BOOKS  MUSIC,BOOKSTORES,0,1,0,0,0,0,0,0,0,0,0,0,0,0,0,0,0,0,0,0,0,0,0,0,0,0,0,0,0,0,0,0,0,0,0,0,5417547668,NA,NA,NA,NA,NA,"227 SW 2nd St, Corvallis, Oregon",NA,NA,Benton County,OREGON,OR,NA,NA,NA,NA,NA,NA,NA,NA,NA,NA,NA,NA,NA,NA,NA,NA,NA,NA,NA,NA,NA,NA,NA,NA,NA,NA,NA,NA,NA,NA,NA,NA,NA,NA,NA,NA,NA,NA,NA,NA,NA,NA,NA,NA,NA,NA,NA,"c(-2131041.90181403, 1097987.06161529)",ROOFTOP,41,3,10600,106,Census Tract 106,115816,44.5631226,-123.2669575,G4100030010600,2356656.856,8568.771928,0.555555556,0,0,0,0,0,1,41003,18700,"Corvallis, OR",Metropolitan Statistical Area,Central,4115800,Corvallis,54462,1,NA,1,1,NA,1,NA,NA,NA,0,1,0,0,NA,NA,NA,NA,0,0,0,0,0,702,818,1713,18539.136,431,2187,161927.04,703.9296,47.20991833,45422.432,38,3783,342,76.86328304,13.25528701,57.2027972,8.138217523,0.717522659,71.43126888,5296,6.457703927,53.24633991,82.72037361,10.76856274,0,0,0,0,0,0,248,0,0,0,0,0,3,3,0,0,0,0,0,100,2240837,0.002363403,economy,33.33333333,0,66.66666667,0,0,0,55.55555556,0,NA,0,NA,0,0,0,0,0,0,0,0,0
70,41003010600,2019,1000_000718,2019_411_09353,GRASS ROOTS BOOKS  MUSIC,BOOKSTORES,0,0,0,0,0,0,0,0,0,0,1,0,0,0,0,0,0,0,0,0,0,0,0,0,0,0,0,0,0,0,0,0,0,0,0,0,5417547668,NA,NA,NA,NA,NA,"227 SW 2nd St, Corvallis, Oregon",NA,NA,Benton County,OREGON,OR,NA,NA,NA,NA,NA,NA,NA,NA,NA,NA,NA,NA,NA,NA,NA,NA,NA,NA,NA,NA,NA,NA,NA,NA,NA,NA,NA,NA,NA,NA,NA,NA,NA,NA,NA,NA,NA,NA,NA,NA,NA,NA,NA,NA,NA,NA,NA,"c(-2131041.90181403, 1097987.06161529)",ROOFTOP,41,3,10600,106,Census Tract 106,115816,44.5631226,-123.2669575,G4100030010600,2356656.856,8568.771928,0.375,0,0,0,0,0,1,41003,18700,"Corvallis, OR",Metropolitan Statistical Area,Central,4115800,Corvallis,54462,1,NA,1,1,NA,1,NA,NA,NA,0,1,0,0,NA,NA,NA,NA,0,0,0,0,0,786,812,3365,15984.9748,435,2141,208419.28,717.412,46.56760418,45912.1492,50,3915,364,80.10275572,14.16216216,55.61643836,7.837837838,0.900900901,70.54054054,5550,6.558558559,55.83845478,84.23700391,9.898167006,0,0,0,0,0,0,243,0,0,0,0,0,4,4,0,0,0,0,0,100,2240837,0.002476753,economy,25,0,75,0,0,0,62.5,0,NA,0,NA,0,0,0,0,0,0,0,0,0
71,41029002000,2018,1000_000719,2018_309_09599,BLOOMSBURY BOOKS,BOOKSTORES,1,0,0,0,0,0,0,0,0,0,0,0,0,0,0,0,0,0,0,0,0,0,0,0,0,0,0,0,0,0,0,0,0,0,0,0,5414880029,NA,NA,NA,NA,NA,"290 E Main St, Ashland, Oregon",NA,NA,Jackson County,OREGON,OR,NA,NA,NA,NA,NA,NA,NA,NA,NA,NA,NA,NA,NA,NA,NA,NA,NA,NA,NA,NA,NA,NA,NA,NA,NA,NA,NA,NA,NA,NA,NA,NA,NA,NA,NA,NA,NA,NA,NA,NA,NA,NA,NA,NA,NA,NA,NA,"c(-2162594.39259539, 831912.528547572)",ROOFTOP,41,29,2000,20,Census Tract 20,582,42.1952434,-122.7089401,G4100290002000,1118527.802,6544.080635,0.44,1,1,1,0,0,0,41029,32780,"Medford, OR",Metropolitan Statistical Area,Central,NA,NA,NA,0,0,0,0,0,0,0,0,0,0,0,0,0,0,0,0,0,0,0,0,0,0,32,1111,1172,32217.3632,148,1311,338567.68,782.9184,24.09522439,39379.0144,0,1872,30,89.39740656,1.53698367,64.97076023,7.108549472,0,89.91354467,2082,1.44092219,16.42651297,59.89761092,6.25,2.730375427,0,32,0,2.730375427,32,80,1,1,1,0,0,4,5,20,20,20,0,0,80,1117945,0.001862346,economy,100,0,0,0,0,0,100,0,NA,0,NA,0,0,0,0,0,0,0,0,0
72,41029002000,2019,1000_000719,2019_411_06506,BLOOMSBURY BOOKS,BOOKSTORES,0,0,0,0,0,0,0,0,0,0,0,0,0,0,0,0,0,0,0,0,0,0,0,0,0,0,0,0,0,0,0,0,0,0,0,0,5414880029,NA,NA,NA,NA,NA,"290 E Main St, Ashland, Oregon",NA,NA,Jackson County,OREGON,OR,NA,NA,NA,NA,NA,NA,NA,NA,NA,NA,NA,NA,NA,NA,NA,NA,NA,NA,NA,NA,NA,NA,NA,NA,NA,NA,NA,NA,NA,NA,NA,NA,NA,NA,NA,NA,NA,NA,NA,NA,NA,NA,NA,NA,NA,NA,NA,"c(-2162594.39259539, 831912.528547572)",ROOFTOP,41,29,2000,20,Census Tract 20,582,42.1952434,-122.7089401,G4100290002000,1118527.802,6544.080635,0.224489796,0,0,0,0,0,1,41029,32780,"Medford, OR",Metropolitan Statistical Area,Central,NA,NA,NA,0,0,0,0,0,0,0,0,0,0,0,0,0,0,0,0,0,0,0,0,0,0,36,1067,1972,31913.74,77,1342,342804.6,810.6016,23.94346864,39503.5152,0,1841,18,94.70938897,1.825557809,63.81578947,3.904665314,0,93.35699797,1972,0.912778905,14.65517241,63.38893766,5.495420483,0.018255578,0,36,0,1.825557809,36,66,2,2,2,0,0,5,7,28.57142857,28.57142857,28.57142857,0,0,71.42857143,1117945,0.001763951,economy,71.42857143,28.57142857,0,0,0,0,59.18367347,0,NA,0,NA,0,0,0,0,0,0,0,0,0
73,17031061901,2018,1000_000729,2018_176_05459,UNABRIDGED BOOKS,BOOKSTORES,0,0,1,0,0,0,0,0,0,0,0,0,0,0,0,0,0,0,0,0,0,0,0,0,0,0,0,0,0,0,0,0,0,0,0,1,7738839119,NA,NA,NA,NA,NA,"3251 N Broadway, Chicago, Illinois",NA,NA,Cook County,ILLINOIS,IL,NA,NA,NA,NA,NA,NA,NA,NA,NA,NA,NA,NA,NA,NA,NA,NA,NA,NA,NA,NA,NA,NA,NA,NA,NA,NA,NA,NA,NA,NA,NA,NA,NA,NA,NA,NA,NA,NA,NA,NA,NA,NA,NA,NA,NA,NA,NA,"c(687088.596809069, 527814.807677623)",ROOFTOP,17,31,61901,619.01,Census Tract 619.01,0,41.9432367,-87.6434599,G1700310061901,160610.1207,2502.014447,0.5,1,1,1,0,0,0,17031,16980,"Chicago-Naperville-Elgin, IL-IN-WI",Metropolitan Statistical Area,Central,1714000,Chicago,2695598,1,1,1,1,0,0,0,0,0,0,0,0,0,0,0,1,1,0,0,0,0,0,590,2508,2194,47167.9296,289,2409,200492.16,1029.1776,32.89034301,53212.896,47,2610,61,97.13574097,16.40255769,84.67251857,8.034473172,1.306644426,72.56046706,3597,1.695857659,10.2029469,70.87511395,3.307607497,0,1.048313582,0,23,1.048313582,23,90,1,1,1,0,0,1,2,50,50,50,0,0,50,160610,0.022395866,economy,100,0,0,0,0,0,100,0,NA,0,NA,0,0,1,0,0,1,0,1,1
74,17031061901,2019,1000_000729,2019_226_09189,UNABRIDGED BOOKS,BOOKSTORES,1,0,0,0,1,0,0,0,0,0,0,0,0,0,0,0,0,0,0,0,0,0,0,0,0,0,0,0,0,0,0,0,0,0,0,0,7738839119,NA,NA,NA,NA,NA,"3251 N Broadway, Chicago, Illinois",NA,NA,Cook County,ILLINOIS,IL,NA,NA,NA,NA,NA,NA,NA,NA,NA,NA,NA,NA,NA,NA,NA,NA,NA,NA,NA,NA,NA,NA,NA,NA,NA,NA,NA,NA,NA,NA,NA,NA,NA,NA,NA,NA,NA,NA,NA,NA,NA,NA,NA,NA,NA,NA,NA,"c(687088.596809069, 527814.807677623)",ROOFTOP,17,31,61901,619.01,Census Tract 619.01,0,41.9432367,-87.6434599,G1700310061901,160610.1207,2502.014447,0.555555556,1,1,1,0,0,0,17031,16980,"Chicago-Naperville-Elgin, IL-IN-WI",Metropolitan Statistical Area,Central,1714000,Chicago,2695598,1,1,1,1,0,0,0,0,0,0,0,0,0,0,0,1,1,0,0,0,0,0,652,2411,3492,48726.3272,294,2426,250650.44,971.0948,32.6952631,53081.092,79,2406,61,96.94971146,18.67124857,80.42028019,8.419243986,2.26231386,68.90034364,3492,1.746849943,9.049255441,69.51656222,2.999638598,0,0.007731959,0,27,0.773195876,27,83,1,1,1,0,0,2,3,33.33333333,33.33333333,33.33333333,0,0,66.66666667,160610,0.021742108,economy,100,0,0,0,0,0,100,0,NA,0,NA,0,0,0,0,0,1,0,1,1
75,22071013500,2019,1000_000752,2019_255_10679,BOURBON PRIDE,"GIFTS, CARDS, PRIDE, ETC.",0,0,1,0,0,0,0,0,0,0,0,1,0,0,0,0,0,0,0,0,0,0,0,0,0,0,0,0,0,0,0,0,0,0,0,0,5045661570,NA,NA,NA,NA,NA,"909 Bourbon St, New Orleans, Louisiana",NA,NA,Orleans Parish,LOUISIANA,LA,NA,NA,NA,NA,NA,NA,NA,NA,NA,NA,NA,NA,NA,NA,NA,NA,NA,NA,NA,NA,NA,NA,NA,NA,NA,NA,NA,NA,NA,NA,NA,NA,NA,NA,NA,NA,NA,NA,NA,NA,NA,NA,NA,NA,NA,NA,NA,"c(572018.752653409, -823924.475337204)",ROOFTOP,22,71,13500,135,Census Tract 135,349586,29.9558693,-90.0643722,G2200710013500,1219737.699,4699.9716,0.3,1,1,1,0,0,0,22071,35380,"New Orleans-Metairie, LA",Metropolitan Statistical Area,Central,2255000,New Orleans,343829,1,1,1,0,1,0,1,1,1,0,0,0,0,0,0,0,0,0,0,0,0,0,0,995,1907,41132.1144,105,2878,380006.48,898.614,26.10072127,39260.9264,112,1640,57,97.46351633,0,53.32261522,5.485893417,5.851619645,85.68443051,1914,2.978056426,16.66666667,59.28515929,14.45404556,0,0.013109596,0,25,1.310959622,25,184,14,14,14,0,0,16,30,46.66666667,46.66666667,46.66666667,0,0,53.33333333,870158,0.002199601,economy,93.33333333,0,3.333333333,0,3.333333333,0,87.33333333,0,NA,0,NA,0,0,0,0,0,0,1,1,1
76,4019000400,2018,1000_000758,2018_006_00091,ANTIGONE BOOKS,BOOKSTORES,0,0,1,0,0,0,0,0,0,0,0,0,0,0,0,0,0,0,0,0,0,0,0,0,0,0,0,0,0,0,0,0,0,0,0,0,5207923715,NA,NA,NA,NA,NA,"411 N 4th Ave, Tucson, Arizona",NA,NA,Pima County,ARIZONA,AZ,NA,NA,NA,NA,NA,NA,NA,NA,NA,NA,NA,NA,NA,NA,NA,NA,NA,NA,NA,NA,NA,NA,NA,NA,NA,NA,NA,NA,NA,NA,NA,NA,NA,NA,NA,NA,NA,NA,NA,NA,NA,NA,NA,NA,NA,NA,NA,"c(-1397656.35752299, -479457.651999934)",ROOFTOP,4,19,400,4,Census Tract 4,0,32.2308472,-110.9662255,G0400190000400,1867285.474,6360.740902,0.183673469,1,1,1,0,0,0,4019,46060,"Tucson, AZ",Metropolitan Statistical Area,Central,477000,Tucson,520116,1,1,1,1,1,1,1,1,1,1,1,0,0,0,0,0,0,0,0,0,0,0,62,941,1753,20237.3952,797,2050,213889.28,564.5376,28.05549897,39523.0528,97,2287,104,88.53658537,1.852405139,56.44871026,23.81236929,2.898117717,68.32984762,3347,3.107260233,39.10875662,81.06103822,4.766069086,1.369081574,1.42612664,24,25,2.795208214,49,109,6,6,6,0,0,1,7,85.71428571,85.71428571,85.71428571,0,0,14.28571429,1867286,0.001792441,economy,85.71428571,0,14.28571429,0,0,0,75.51020408,0,NA,0,NA,0,0,0,0,0,0,0,0,0
77,4019000400,2019,1000_000758,2019_006_12519,ANTIGONE BOOKS,BOOKSTORES,0,0,1,0,1,0,0,0,0,0,0,0,0,0,0,0,0,0,0,0,0,0,0,0,0,0,0,0,0,0,0,0,0,0,0,0,5207923715,NA,NA,NA,NA,NA,"411 N 4th Ave, Tucson, Arizona",NA,NA,Pima County,ARIZONA,AZ,NA,NA,NA,NA,NA,NA,NA,NA,NA,NA,NA,NA,NA,NA,NA,NA,NA,NA,NA,NA,NA,NA,NA,NA,NA,NA,NA,NA,NA,NA,NA,NA,NA,NA,NA,NA,NA,NA,NA,NA,NA,NA,NA,NA,NA,NA,NA,"c(-1397656.35752299, -479457.651999934)",ROOFTOP,4,19,400,4,Census Tract 4,0,32.2308472,-110.9662255,G0400190000400,1867285.474,6360.740902,0.358024691,1,1,1,0,0,0,4019,46060,"Tucson, AZ",Metropolitan Statistical Area,Central,477000,Tucson,520116,1,1,1,1,1,1,1,1,1,1,1,0,0,0,0,0,0,0,0,0,0,0,115,968,2939,23137.6464,641,2004,198582.6,539.908,27.84955889,39479.1084,98,2182,113,87.1756487,3.651953001,61.07255521,20.35566847,3.112099079,69.29183868,3149,3.588440775,38.54097268,79.82885086,3.51826793,0.008832659,0.009200686,25.95918367,27.04081633,1.803334468,53,78,4,4,4,0,0,5,9,44.44444444,44.44444444,44.44444444,0,0,55.55555556,1867286,0.001686405,economy,88.88888889,0,11.11111111,0,0,0,80.24691358,0,NA,0,NA,0,0,0,0,0,0,0,0,0
78,30111000402,2018,1000_000798,2018_237_07385,BARJONS BOOKS MUSIC  GIFTS,BOOKSTORES,1,0,0,0,0,0,0,0,0,0,0,0,0,0,0,0,0,0,0,0,0,0,0,0,0,0,0,0,0,0,0,0,0,0,0,0,4062524398,NA,NA,NA,NA,NA,"223 N 29th St, Billings, Montana",NA,NA,Yellowstone County,MONTANA,MT,NA,NA,NA,NA,NA,NA,NA,NA,NA,NA,NA,NA,NA,NA,NA,NA,NA,NA,NA,NA,NA,NA,NA,NA,NA,NA,NA,NA,NA,NA,NA,NA,NA,NA,NA,NA,NA,NA,NA,NA,NA,NA,NA,NA,NA,NA,NA,"c(-970684.518444313, 989972.857547269)",ROOFTOP,30,111,402,4.02,Census Tract 4.02,0,45.7864621,-108.5153365,G3001110000402,2494366.865,10302.82055,1,1,1,1,0,0,0,30111,13740,"Billings, MT",Metropolitan Statistical Area,Central,3006550,Billings,104170,1,1,1,1,1,0,0,1,1,1,1,0,0,0,0,0,0,0,0,0,1,1,0,863,1540,31789.8944,260,1703,168354.56,561.44,27.28414027,45595.1232,29,2680,196,98.64944216,0,37.78458844,8.214849921,0.916271722,84.67614534,3165,6.192733017,17.16796215,71.36363636,8.050182959,0,0.649350649,0,10,0.649350649,10,154,1,1,1,0,0,0,1,100,100,100,0,0,0,2494365,0.00126886,economy,100,0,0,0,0,0,100,1,NA,0,30111000402,0,0,0,0,0,0,0,0,1
79,30111000402,2019,1000_000798,2019_314_04869,BARJONS BOOKS MUSIC  GIFTS,BOOKSTORES,0,0,1,0,0,0,0,0,0,0,0,0,0,0,0,0,0,0,0,0,0,0,0,0,0,0,0,0,0,0,0,0,0,0,0,0,4062524398,NA,NA,NA,NA,NA,"223 N 29th St, Billings, Montana",NA,NA,Yellowstone County,MONTANA,MT,NA,NA,NA,NA,NA,NA,NA,NA,NA,NA,NA,NA,NA,NA,NA,NA,NA,NA,NA,NA,NA,NA,NA,NA,NA,NA,NA,NA,NA,NA,NA,NA,NA,NA,NA,NA,NA,NA,NA,NA,NA,NA,NA,NA,NA,NA,NA,"c(-970684.518444313, 989972.857547269)",ROOFTOP,30,111,402,4.02,Census Tract 4.02,0,45.7864621,-108.5153365,G3001110000402,2494366.865,10302.82055,0.375,1,1,1,0,0,0,30111,13740,"Billings, MT",Metropolitan Statistical Area,Central,3006550,Billings,104170,1,1,1,1,1,0,0,1,1,1,1,0,0,0,0,0,0,0,0,0,1,1,0,927,2598,31047.6684,212,1714,158570.24,521.418,27.1421402,45321.2088,24,2418,245,98.59976663,0,42.30944774,7.312866506,0.82787168,83.40807175,2899,8.451190066,14.97050147,68.38966203,4.748445449,0,0.001539646,0,4,0.153964588,4,84,1,1,1,0,0,3,4,25,25,25,0,0,75,2494365,0.00116222,economy,75,25,0,0,0,0,62.5,1,NA,0,30111000402,0,0,0,0,0,0,0,0,1
80,6023000100,2019,1000_000813,2019_118_00478,BOOKLEGGER,BOOKSTORES: USED,0,0,0,0,0,0,0,0,0,0,0,0,0,0,0,0,0,0,0,0,0,0,0,0,0,0,0,0,0,0,0,0,0,0,0,0,7074451344,NA,NA,NA,NA,NA,"402 2nd St, Eureka, California",NA,NA,Humboldt County,CALIFORNIA,CA,NA,NA,NA,NA,NA,NA,NA,NA,NA,NA,NA,NA,NA,NA,NA,NA,NA,NA,NA,NA,NA,NA,NA,NA,NA,NA,NA,NA,NA,NA,NA,NA,NA,NA,NA,NA,NA,NA,NA,NA,NA,NA,NA,NA,NA,NA,NA,"c(-2322548.78662272, 717016.657032807)",ROOFTOP,6,23,100,1,Census Tract 1,2217706,40.8040593,-124.1717835,G0600230000100,3872287.39,21779.78894,0.333333333,0,0,0,0,0,1,6023,21700,"Eureka-Arcata-Fortuna, CA",Micropolitan Statistical Area,Central,623042,Eureka,27191,1,NA,NA,1,NA,NA,NA,NA,NA,NA,NA,0,0,NA,NA,NA,NA,NA,NA,NA,0,0,295,731,4005,21830.0336,666,2295,203833.76,617.566,26.15725209,35531.1236,210,2715,356,98.08278867,6.954266855,23.65695793,15.70014144,4.95049505,64.00282885,4242,8.392267798,27.18033562,88.56569709,11.76470588,0,0.007490637,0,30,0.74906367,30,262,4,4,4,0,0,2,6,66.66666667,66.66666667,66.66666667,0,0,33.33333333,3854854,0.001100431,economy,83.33333333,0,0,16.66666667,0,0,72.22222222,0,NA,0,NA,0,0,0,0,0,0,0,0,0
81,29510112400,2018,1000_000818,2018_026_00594,LEFT BANK BOOKS,BOOKSTORES,0,0,1,0,0,0,0,0,0,0,0,0,0,0,0,0,0,0,0,0,0,0,0,0,0,0,0,0,0,0,0,0,0,0,0,0,3143676731,NA,NA,NA,NA,NA,"399 N Euclid Ave, St Louis, Missouri",NA,NA,St. Louis city,MISSOURI,MO,NA,NA,NA,NA,NA,NA,NA,NA,NA,NA,NA,NA,NA,NA,NA,NA,NA,NA,NA,NA,NA,NA,NA,NA,NA,NA,NA,NA,NA,NA,NA,NA,NA,NA,NA,NA,NA,NA,NA,NA,NA,NA,NA,NA,NA,NA,NA,"c(494482.825440273, 143643.631411038)",ROOFTOP,29,510,112400,1124,Census Tract 1124,0,38.6450572,-90.2610356,G2905100112400,938453.6436,5286.043959,0.333333333,1,1,1,0,0,0,29510,41180,"St. Louis, MO-IL",Metropolitan Statistical Area,Central,2965000,St. Louis,319294,1,1,1,1,0,1,0,0,0,1,1,0,0,0,0,1,1,0,1,1,1,0,447,2232,2337,44598.4704,263,2792,308211.2,851.84,29.68728171,47483.8848,971,2256,61,88.86103152,11.1805903,69.40298507,6.578289145,24.28714357,56.42821411,3998,1.525762881,16.16999223,69.83311938,5.822306238,0.941377835,0.556268721,22,13,1.497646555,35,154,2,2,2,0,0,1,3,66.66666667,66.66666667,66.66666667,0,0,33.33333333,938453,0.004260203,economy,66.66666667,0,33.33333333,0,0,0,55.55555556,1,NA,0,29510112400,0,0,0,0,0,1,0,0,1
82,29510112400,2019,1000_000818,2019_030_11970,LEFT BANK BOOKS,BOOKSTORES,0,0,1,0,1,0,0,0,0,0,0,0,0,0,0,0,0,0,0,0,0,0,0,0,0,0,0,0,0,0,0,0,0,0,0,0,3143676731,NA,NA,NA,NA,NA,"399 N Euclid Ave, St Louis, Missouri",NA,NA,St. Louis city,MISSOURI,MO,NA,NA,NA,NA,NA,NA,NA,NA,NA,NA,NA,NA,NA,NA,NA,NA,NA,NA,NA,NA,NA,NA,NA,NA,NA,NA,NA,NA,NA,NA,NA,NA,NA,NA,NA,NA,NA,NA,NA,NA,NA,NA,NA,NA,NA,NA,NA,"c(494482.825440273, 143643.631411038)",ROOFTOP,29,510,112400,1124,Census Tract 1124,0,38.6450572,-90.2610356,G2905100112400,938453.6436,5286.043959,0.28,1,1,1,0,0,0,29510,41180,"St. Louis, MO-IL",Metropolitan Statistical Area,Central,2965000,St. Louis,319294,1,1,1,1,0,1,0,0,0,1,1,0,0,0,0,1,1,0,1,1,1,0,442,2301,3828,42742.9632,201,2845,299611.96,915.6248,29.61674719,47116.218,747,2491,90,87.34622144,11.13069756,72.24489796,5.061697305,18.81138252,62.72979098,3971,2.266431629,19.70289289,72.30066445,6.260575296,0.002298851,0.001358412,8.8,5.2,0.365726228,14,148,1,1,1,0,0,4,5,20,20,20,0,0,80,938453,0.004231432,economy,60,20,20,0,0,0,44,1,NA,0,29510112400,0,0,0,0,0,1,0,0,1
83,42101001101,2018,1000_000884,2018_004_00023,PHILLY AIDS THRIFT AT GIOVANNIS ROOM,BOOKSTORES,1,0,0,0,0,0,0,0,0,0,0,0,0,0,0,0,0,0,0,0,0,0,0,0,0,0,0,0,0,0,0,0,0,0,0,0,2159232960,NA,NA,NA,NA,NA,"345 S 12th St, Philadelphia, Pennsylvania",NA,NA,Philadelphia County,PENNSYLVANIA,PA,NA,NA,NA,NA,NA,NA,NA,NA,NA,NA,NA,NA,NA,NA,NA,NA,NA,NA,NA,NA,NA,NA,NA,NA,NA,NA,NA,NA,NA,NA,NA,NA,NA,NA,NA,NA,NA,NA,NA,NA,NA,NA,NA,NA,NA,NA,NA,"c(1750670.86156834, 466763.305895853)",ROOFTOP,42,101,1101,11.01,Census Tract 11.01,0,39.9449918,-75.162524,G4201010001101,174016.5953,1678.212931,0.2,1,1,1,0,0,0,42101,37980,"Philadelphia-Camden-Wilmington, PA-NJ-DE-MD",Metropolitan Statistical Area,Central,4260000,Philadelphia,1526006,1,1,1,1,0,0,0,1,1,1,1,0,0,0,0,1,1,0,1,1,1,1,317,2044,1836,50336,368,2252,292723.2,972.6464,32.59917184,53793.696,216,2436,99,98.04618117,9.225844005,74.1385564,10.71012806,6.286379511,70.89639115,3436,2.881257276,19.12286359,62.03703704,3.764172336,0.925925926,2.723311547,17,50,3.649237473,67,83,4,4,4,0,0,1,5,80,80,80,0,0,20,174014,0.019745538,economy,40,0,0,40,0,20,36,0,NA,0,NA,0,0,0,0,0,1,0,1,1
84,42101001101,2019,1000_000884,2019_004_06969,PHILLY AIDS THRIFT AT GIOVANNIS ROOM,BOOKSTORES,0,0,1,0,0,0,0,0,0,0,0,0,0,0,0,0,0,0,0,0,0,0,0,0,0,0,0,0,0,0,0,0,0,0,0,0,2159232960,NA,NA,NA,NA,NA,"345 S 12th St, Philadelphia, Pennsylvania",NA,NA,Philadelphia County,PENNSYLVANIA,PA,NA,NA,NA,NA,NA,NA,NA,NA,NA,NA,NA,NA,NA,NA,NA,NA,NA,NA,NA,NA,NA,NA,NA,NA,NA,NA,NA,NA,NA,NA,NA,NA,NA,NA,NA,NA,NA,NA,NA,NA,NA,NA,NA,NA,NA,NA,NA,"c(1750670.86156834, 466763.305895853)",ROOFTOP,42,101,1101,11.01,Census Tract 11.01,0,39.9449918,-75.162524,G4201010001101,174016.5953,1678.212931,0.15625,1,1,1,0,0,0,42101,37980,"Philadelphia-Camden-Wilmington, PA-NJ-DE-MD",Metropolitan Statistical Area,Central,4260000,Philadelphia,1526006,1,1,1,1,0,0,0,1,1,1,1,0,0,0,0,1,1,0,1,1,1,1,373,2229,3305,48757.3904,263,2236,284967.88,930.4168,32.55403944,53504.8828,372,2607,135,97.62969589,9.946666667,75.99727242,7.013333333,9.92,69.52,3750,3.6,26.23094959,63.29896907,2.203389831,0.004452774,0.013096394,14.71641791,43.28358209,1.754916793,58,52,1,1,1,0,0,7,8,12.5,12.5,12.5,0,0,87.5,174014,0.02154999,economy,37.5,25,0,25,0,12.5,28.125,0,NA,0,NA,0,0,0,0,0,1,0,1,1
85,32003001717,2018,1000_001125,2018_241_07498,LAS VEGAS EAGLE,"BARS, CAFES, CLUBS & CLUB ORGANIZERS, RESTAURANTS",0,0,0,1,0,0,0,0,0,0,0,0,1,1,0,0,0,0,0,0,0,0,0,0,0,0,0,0,0,0,0,0,0,0,0,0,7024588662,NA,NA,NA,NA,NA,"3430 E Tropicana, Las Vegas, Nevada",NA,NA,Clark County,NEVADA,NV,NA,NA,NA,NA,NA,NA,NA,NA,NA,NA,NA,NA,NA,NA,NA,NA,NA,NA,NA,NA,NA,NA,NA,NA,NA,NA,NA,NA,NA,NA,NA,NA,NA,NA,NA,NA,NA,NA,NA,NA,NA,NA,NA,NA,NA,NA,NA,"c(-1692719.15932308, 13938.6097528316)",ROOFTOP,32,3,1717,17.17,Census Tract 17.17,0,36.1076666,-115.0962725,G3200030001717,1378547.042,5035.563845,1,0,0,0,0,0,1,32003,29820,"Las Vegas-Henderson-Paradise, NV",Metropolitan Statistical Area,Central,3254600,Paradise,223167,1,0,0,0,0,0,0,0,0,0,0,0,0,0,0,0,0,0,0,0,0,0,113,287,504,80759.0784,158,561,244323.2,838.6752,20.99694771,43987.4688,54,1004,26,100,8.339483395,24.52991453,11.66051661,3.985239852,74.09594096,1355,1.918819188,7.492581602,10.71428571,12.2324159,1.19047619,0,6,0,1.19047619,6,80,0,0,0,0,0,1,1,0,0,0,0,0,100,1378545,0.00098292,economy,100,0,0,0,0,0,100,0,NA,0,NA,0,1,0,0,0,0,0,0,0
86,32003001717,2019,1000_001125,2019_319_05206,LAS VEGAS EAGLE,"BARS, CAFES, CLUBS, RESTAURANTS",0,1,0,0,0,0,0,0,0,0,0,0,0,0,0,0,0,0,0,0,0,0,0,0,0,0,0,0,0,0,0,0,0,0,0,0,7024588662,NA,NA,NA,NA,NA,"3430 E Tropicana, Las Vegas, Nevada",NA,NA,Clark County,NEVADA,NV,NA,NA,NA,NA,NA,NA,NA,NA,NA,NA,NA,NA,NA,NA,NA,NA,NA,NA,NA,NA,NA,NA,NA,NA,NA,NA,NA,NA,NA,NA,NA,NA,NA,NA,NA,NA,NA,NA,NA,NA,NA,NA,NA,NA,NA,NA,NA,"c(-1692719.15932308, 13938.6097528316)",ROOFTOP,32,3,1717,17.17,Census Tract 17.17,0,36.1076666,-115.0962725,G3200030001717,1378547.042,5035.563845,1,0,0,0,0,0,1,32003,29820,"Las Vegas-Henderson-Paradise, NV",Metropolitan Statistical Area,Central,3254600,Paradise,223167,1,0,0,0,0,0,0,0,0,0,0,0,0,0,0,0,0,0,0,0,0,0,163,269,1377,74224.0372,294,550,263001.76,878.6448,21.03467329,43887.864,49,877,12,100,11.68458781,23.24978392,21.07526882,3.512544803,62.86738351,1395,0.860215054,8.802308802,7.480314961,7.132667618,0.002904866,0,4,0,0.290486565,4,50,0,0,0,0,0,1,1,0,0,0,0,0,100,1378545,0.001011936,economy,100,0,0,0,0,0,100,0,NA,0,NA,0,0,0,0,0,0,0,0,0
87,18163001800,2019,1000_001260,2019_235_03574,AIDS RESOURCE GROUP OF EVANSVILLE INC,"AIDS/HIV SERVICES, EDUCATION & SUPPORT",0,0,0,0,0,0,0,0,0,0,0,0,0,0,0,0,0,0,0,0,0,0,0,0,0,0,0,0,0,0,0,0,0,0,0,0,8124210059,NA,NA,NA,NA,NA,"101 NW 1st St, Evansville, Indiana",NA,NA,Vanderburgh County,INDIANA,IN,NA,NA,NA,NA,NA,NA,NA,NA,NA,NA,NA,NA,NA,NA,NA,NA,NA,NA,NA,NA,NA,NA,NA,NA,NA,NA,NA,NA,NA,NA,NA,NA,NA,NA,NA,NA,NA,NA,NA,NA,NA,NA,NA,NA,NA,NA,NA,"c(732131.19874871, 85295.6360856986)",ROOFTOP,18,163,1800,18,Census Tract 18,5765,37.9745534,-87.5735745,G1801630001800,1570901.405,6003.207375,0.5,0,0,0,0,0,1,18163,21780,"Evansville, IN-KY",Metropolitan Statistical Area,Central,1822000,Evansville,117429,1,0,1,1,0,1,0,0,0,1,0,0,0,0,0,0,0,1,1,1,1,1,0,200,508,63790.5,0,425,166410,644.1916,22.3078711,39984.9948,46,619,0,95.29411765,0,31.49606299,0,6.917293233,93.08270677,665,0,23.96551724,50,2.388059701,0,0,0,0,0,0,8,0,0,0,0,0,2,2,0,0,0,0,0,100,1565137,0.000424883,health,50,0,0,50,0,0,50,1,NA,0,18163001800,0,0,0,0,0,0,0,0,0
88,48113000500,2018,1000_001331,2018_344_10706,WOODYS,"BARS, CAFES, CLUBS & CLUB ORGANIZERS, RESTAURANTS",0,0,1,0,0,0,0,0,0,0,0,0,1,1,0,0,1,0,0,0,0,0,0,0,0,0,0,0,0,0,0,0,0,0,0,0,2145206629,NA,NA,NA,NA,NA,"4011 Cedar Springs Rd, Dallas, Texas",NA,NA,Dallas County,TEXAS,TX,NA,NA,NA,NA,NA,NA,NA,NA,NA,NA,NA,NA,NA,NA,NA,NA,NA,NA,NA,NA,NA,NA,NA,NA,NA,NA,NA,NA,NA,NA,NA,NA,NA,NA,NA,NA,NA,NA,NA,NA,NA,NA,NA,NA,NA,NA,NA,"c(-75578.1313748307, -524235.257339705)",ROOFTOP,48,113,500,5,Census Tract 5,0,32.8059309,-96.8122943,G4801130000500,1495992.815,5334.663027,0.43877551,1,1,1,0,0,0,48113,19100,"Dallas-Fort Worth-Arlington, TX",Metropolitan Statistical Area,Central,4819000,Dallas,1197816,1,1,1,0,0,1,1,1,1,1,1,0,0,0,1,1,1,1,1,1,1,1,458,3799,3891,53959.4176,1005,4643,258107.52,1073.3184,30.23308088,51870.8608,455,3646,144,46.90932587,8.023826209,74.1557681,17.60686755,7.971268395,63.87526279,5708,2.522775053,7.786016949,79.59393472,0.838490717,0.359804677,2.595733745,14,101,2.955538422,115,42,4,4,4,0,0,10,14,28.57142857,28.57142857,28.57142857,0,0,71.42857143,1495995,0.003815521,economy,71.42857143,0,21.42857143,7.142857143,0,0,56.12244898,0,NA,0,NA,0,1,0,0,0,1,0,1,1
89,48113000500,2019,1000_001331,2019_457_16460,WOODYS,"BARS, CAFES, CLUBS, RESTAURANTS",0,0,0,0,0,0,0,0,0,0,0,0,0,0,0,0,0,0,0,0,0,0,0,0,0,0,0,0,0,0,0,0,0,0,0,0,2145206629,NA,NA,NA,NA,NA,"4011 Cedar Springs Rd, Dallas, Texas",NA,NA,Dallas County,TEXAS,TX,NA,NA,NA,NA,NA,NA,NA,NA,NA,NA,NA,NA,NA,NA,NA,NA,NA,NA,NA,NA,NA,NA,NA,NA,NA,NA,NA,NA,NA,NA,NA,NA,NA,NA,NA,NA,NA,NA,NA,NA,NA,NA,NA,NA,NA,NA,NA,"c(-75578.1313748307, -524235.257339705)",ROOFTOP,48,113,500,5,Census Tract 5,0,32.8059309,-96.8122943,G4801130000500,1495992.815,5334.663027,0.4140625,0,0,0,0,0,1,48113,19100,"Dallas-Fort Worth-Arlington, TX",Metropolitan Statistical Area,Central,4819000,Dallas,1197816,1,1,1,0,0,1,1,1,1,1,1,0,0,0,1,1,1,1,1,1,1,1,502,4466,6356,55243.6824,719,5077,296283.76,1069.4616,30.2661439,51979.8276,745,4282,166,42.85995667,7.826629249,78.10423225,11.20985345,11.61521671,66.76021204,6414,2.588088556,7.628315806,80.70095585,0.893952673,0.002355871,0.016995923,14.97391304,108.026087,1.935179358,123,51,7,7,7,0,0,9,16,43.75,43.75,43.75,0,0,56.25,1495995,0.004287447,economy,75,0,12.5,12.5,0,0,59.375,0,NA,0,NA,0,0,0,0,0,1,0,1,1
90,5119002204,2018,1000_001397,2018_088_02489,UNITARIAN UNIVERSALIST CHURCH,"RELIGIOUS ORGANIZATIONS, PUBLICATIONS, RESOURCES",0,1,0,0,0,0,0,0,0,0,0,0,0,0,0,0,0,0,0,0,0,0,0,0,0,0,0,0,0,0,0,0,0,0,0,0,5012251503,NA,NA,NA,NA,NA,"1818 Reservoir Rd, Little Rock, Arkansas",NA,NA,Pulaski County,ARKANSAS,AR,NA,NA,NA,NA,NA,NA,NA,NA,NA,NA,NA,NA,NA,NA,NA,NA,NA,NA,NA,NA,NA,NA,NA,NA,NA,NA,NA,NA,NA,NA,NA,NA,NA,NA,NA,NA,NA,NA,NA,NA,NA,NA,NA,NA,NA,NA,NA,"c(328867.532631706, -299518.430038117)",ROOFTOP,5,119,2204,22.04,Census Tract 22.04,28735,34.7757267,-92.3875534,G0501190002204,5548681.794,10349.18149,1,0,0,0,0,0,1,5119,30780,"Little Rock-North Little Rock-Conway, AR",Metropolitan Statistical Area,Central,541000,Little Rock,193524,1,0,0,0,0,0,0,0,0,0,0,0,0,0,0,0,0,0,0,0,0,0,79,2713,2839,53843.2576,70,3463,145896.96,655.1424,26.4614731,41049.3952,800,5795,235,98.61391857,1.131967331,55.04159059,1.003009027,11.46296031,83.03481874,6979,3.367244591,6.721358664,23.31806974,0,0,0.211342022,0,6,0.211342022,6,0,0,0,0,0,0,1,1,0,0,0,0,0,100,5519947,0.001264324,religion,0,100,0,0,0,0,100,0,NA,0,NA,0,0,0,0,0,0,0,0,0
91,5119002204,2019,1000_001397,2019_108_13385,UNITARIAN UNIVERSALIST CHURCH,RELIGIOUS / SPIRITUAL RESOURCES,0,0,0,0,0,0,0,0,0,0,0,0,0,0,0,0,0,0,0,0,0,0,0,0,0,0,0,0,0,0,0,0,0,0,0,0,5012251503,NA,NA,NA,NA,NA,"1818 Reservoir Rd, Little Rock, Arkansas",NA,NA,Pulaski County,ARKANSAS,AR,NA,NA,NA,NA,NA,NA,NA,NA,NA,NA,NA,NA,NA,NA,NA,NA,NA,NA,NA,NA,NA,NA,NA,NA,NA,NA,NA,NA,NA,NA,NA,NA,NA,NA,NA,NA,NA,NA,NA,NA,NA,NA,NA,NA,NA,NA,NA,"c(328867.532631706, -299518.430038117)",ROOFTOP,5,119,2204,22.04,Census Tract 22.04,28735,34.7757267,-92.3875534,G0501190002204,5548681.794,10349.18149,1,0,0,0,0,0,1,5119,30780,"Little Rock-North Little Rock-Conway, AR",Metropolitan Statistical Area,Central,541000,Little Rock,193524,1,0,0,0,0,0,0,0,0,0,0,0,0,0,0,0,0,0,0,0,0,0,78,2582,6885,54635.7312,171,3470,140967.76,690.7864,26.14343545,40490.1416,1556,4870,210,97.08933718,1.132897603,52.7046336,2.483660131,22.59985476,70.73347858,6885,3.050108932,4.871645274,25.4779284,4.054054054,0,0,0,0,0,0,147,0,0,0,0,0,1,1,0,0,0,0,0,100,5519947,0.001247295,religion,0,100,0,0,0,0,100,0,NA,0,NA,0,0,0,0,0,0,0,0,0
92,23011024200,2018,1000_001423,2018_202_06248,THE BRIDGE COLBY COLLEGE OFFICE OF CAMPUS LIFE,"ORGANIZATIONS/RESOURCES: STUDENT, ACADEMIC, EDUCATION",0,0,0,0,0,0,0,0,0,0,0,0,0,0,0,0,0,0,0,0,0,0,0,0,0,0,0,0,0,0,0,0,0,0,0,0,2078723000,NA,NA,NA,NA,NA,"4000 Mayflower Hill, Waterville, Maine",NA,NA,Kennebec County,MAINE,ME,NA,NA,NA,NA,NA,NA,NA,NA,NA,NA,NA,NA,NA,NA,NA,NA,NA,NA,NA,NA,NA,NA,NA,NA,NA,NA,NA,NA,NA,NA,NA,NA,NA,NA,NA,NA,NA,NA,NA,NA,NA,NA,NA,NA,NA,NA,NA,"c(2060708.91532642, 1077897.29870101)",ROOFTOP,23,11,24200,242,Census Tract 242,437146,44.5358315,-69.6766003,G2300110024200,24515618.44,26960.59344,1,0,0,0,0,0,1,23011,12300,"Augusta-Waterville, ME",Micropolitan Statistical Area,Central,2380740,Waterville,15722,1,NA,NA,0,0,NA,0,0,0,NA,NA,0,0,NA,NA,NA,NA,NA,NA,NA,0,0,257,1340,2700,33994.6112,268,2769,111436.16,457.6704,23.80677302,40988.2176,97,6437,196,92.84940412,3.542384562,30.42688465,3.694004135,1.337008959,88.72501723,7255,2.701585114,11.08228317,35.44444444,3.07646356,0,0.592592593,0,16,0.592592593,16,103,0,0,0,0,0,1,1,0,0,0,0,0,100,24078469,0.000301307,movement,0,0,100,0,0,0,100,0,NA,0,NA,0,0,0,0,0,0,0,0,0
93,48113000500,2018,1000_001432,2018_043_01029,JEWEL A PROGRAM OF RESOURCE CENTER,"ORGANIZATIONS/RESOURCES: SOCIAL, RECREATION, SUPPORT",0,0,1,0,0,0,0,0,0,0,0,0,0,0,0,0,0,0,0,0,0,0,0,0,0,0,0,0,0,0,0,0,0,0,0,0,2145280144,NA,NA,NA,NA,NA,"2701 Reagan St, Dallas, Texas",NA,NA,Dallas County,TEXAS,TX,NA,NA,NA,NA,NA,NA,NA,NA,NA,NA,NA,NA,NA,NA,NA,NA,NA,NA,NA,NA,NA,NA,NA,NA,NA,NA,NA,NA,NA,NA,NA,NA,NA,NA,NA,NA,NA,NA,NA,NA,NA,NA,NA,NA,NA,NA,NA,"c(-75755.8451783301, -524614.335916037)",ROOFTOP,48,113,500,5,Census Tract 5,0,32.8059309,-96.8122943,G4801130000500,1495992.815,5334.663027,0.43877551,1,1,1,0,0,0,48113,19100,"Dallas-Fort Worth-Arlington, TX",Metropolitan Statistical Area,Central,4819000,Dallas,1197816,1,1,1,0,0,1,1,1,1,1,1,0,0,0,1,1,1,1,1,1,1,1,458,3799,3891,53959.4176,1005,4643,258107.52,1073.3184,30.23308088,51870.8608,455,3646,144,46.90932587,8.023826209,74.1557681,17.60686755,7.971268395,63.87526279,5708,2.522775053,7.786016949,79.59393472,0.838490717,0.359804677,2.595733745,14,101,2.955538422,115,42,4,4,4,0,0,10,14,28.57142857,28.57142857,28.57142857,0,0,71.42857143,1495995,0.003815521,movement,71.42857143,0,21.42857143,7.142857143,0,0,56.12244898,0,NA,0,NA,0,0,0,0,0,1,0,1,1
94,48113000500,2018,1000_001432,2018_346_10790,GEAR A PROGRAM OF RESOURCE CENTER,ORGANIZATIONS/RESOURCES: TRANSGENDER/GENDER VARIANT,0,0,0,0,0,0,0,0,0,0,0,0,0,0,0,0,0,0,0,0,0,0,0,0,0,0,0,0,0,0,0,0,0,0,0,0,2145404498,NA,NA,NA,NA,NA,"2701 Reagan St, Dallas, Texas",NA,NA,Dallas County,TEXAS,TX,NA,NA,NA,NA,NA,NA,NA,NA,NA,NA,NA,NA,NA,NA,NA,NA,NA,NA,NA,NA,NA,NA,NA,NA,NA,NA,NA,NA,NA,NA,NA,NA,NA,NA,NA,NA,NA,NA,NA,NA,NA,NA,NA,NA,NA,NA,NA,"c(-75755.8451783301, -524614.335916037)",ROOFTOP,48,113,500,5,Census Tract 5,0,32.8059309,-96.8122943,G4801130000500,1495992.815,5334.663027,0.43877551,0,0,0,0,0,1,48113,19100,"Dallas-Fort Worth-Arlington, TX",Metropolitan Statistical Area,Central,4819000,Dallas,1197816,1,1,1,0,0,1,1,1,1,1,1,0,0,0,1,1,1,1,1,1,1,1,458,3799,3891,53959.4176,1005,4643,258107.52,1073.3184,30.23308088,51870.8608,455,3646,144,46.90932587,8.023826209,74.1557681,17.60686755,7.971268395,63.87526279,5708,2.522775053,7.786016949,79.59393472,0.838490717,0.359804677,2.595733745,14,101,2.955538422,115,42,4,4,4,0,0,10,14,28.57142857,28.57142857,28.57142857,0,0,71.42857143,1495995,0.003815521,movement,71.42857143,0,21.42857143,7.142857143,0,0,56.12244898,0,NA,0,NA,0,0,0,0,0,1,0,1,1
95,48113000500,2019,1000_001432,2019_050_07343,WOMEN WITH PRIDE,"ORGANIZATIONS/RESOURCES: SOCIAL, RECREATION, SUPPORT",1,0,0,0,0,0,0,0,0,0,0,0,0,0,0,0,0,0,0,0,0,0,0,0,0,0,0,0,0,0,0,0,0,0,0,0,2145280144,NA,NA,NA,NA,NA,"2701 Reagan St, Dallas, Texas",NA,NA,Dallas County,TEXAS,TX,NA,NA,NA,NA,NA,NA,NA,NA,NA,NA,NA,NA,NA,NA,NA,NA,NA,NA,NA,NA,NA,NA,NA,NA,NA,NA,NA,NA,NA,NA,NA,NA,NA,NA,NA,NA,NA,NA,NA,NA,NA,NA,NA,NA,NA,NA,NA,"c(-75755.8451783301, -524614.335916037)",ROOFTOP,48,113,500,5,Census Tract 5,0,32.8059309,-96.8122943,G4801130000500,1495992.815,5334.663027,0.4140625,1,1,1,0,0,0,48113,19100,"Dallas-Fort Worth-Arlington, TX",Metropolitan Statistical Area,Central,4819000,Dallas,1197816,1,1,1,0,0,1,1,1,1,1,1,0,0,0,1,1,1,1,1,1,1,1,502,4466,6356,55243.6824,719,5077,296283.76,1069.4616,30.2661439,51979.8276,745,4282,166,42.85995667,7.826629249,78.10423225,11.20985345,11.61521671,66.76021204,6414,2.588088556,7.628315806,80.70095585,0.893952673,0.002355871,0.016995923,14.97391304,108.026087,1.935179358,123,51,7,7,7,0,0,9,16,43.75,43.75,43.75,0,0,56.25,1495995,0.004287447,movement,75,0,12.5,12.5,0,0,59.375,0,NA,0,NA,0,0,0,0,0,1,0,1,1
96,48113000500,2019,1000_001432,2019_456_16428,RESOURCE CENTER DALLAS HEALTH CAMPUS,"AIDS/HIV SERVICES, EDUCATION & SUPPORT",0,0,1,0,1,0,0,0,0,0,1,0,0,0,0,0,1,0,0,0,0,0,0,0,0,0,0,0,0,0,0,0,0,0,0,0,2145280144,NA,NA,NA,NA,NA,"2701 Reagan St, Dallas, Texas",NA,NA,Dallas County,TEXAS,TX,NA,NA,NA,NA,NA,NA,NA,NA,NA,NA,NA,NA,NA,NA,NA,NA,NA,NA,NA,NA,NA,NA,NA,NA,NA,NA,NA,NA,NA,NA,NA,NA,NA,NA,NA,NA,NA,NA,NA,NA,NA,NA,NA,NA,NA,NA,NA,"c(-75755.8451783301, -524614.335916037)",ROOFTOP,48,113,500,5,Census Tract 5,0,32.8059309,-96.8122943,G4801130000500,1495992.815,5334.663027,0.4140625,1,1,1,0,0,0,48113,19100,"Dallas-Fort Worth-Arlington, TX",Metropolitan Statistical Area,Central,4819000,Dallas,1197816,1,1,1,0,0,1,1,1,1,1,1,0,0,0,1,1,1,1,1,1,1,1,502,4466,6356,55243.6824,719,5077,296283.76,1069.4616,30.2661439,51979.8276,745,4282,166,42.85995667,7.826629249,78.10423225,11.20985345,11.61521671,66.76021204,6414,2.588088556,7.628315806,80.70095585,0.893952673,0.002355871,0.016995923,14.97391304,108.026087,1.935179358,123,51,7,7,7,0,0,9,16,43.75,43.75,43.75,0,0,56.25,1495995,0.004287447,health,75,0,12.5,12.5,0,0,59.375,0,NA,0,NA,0,0,0,0,0,1,0,1,1
97,6001400400,2019,1000_001456,2019_115_00839,SECRETS,EROTICA / ADULT STORES / SAFE SEX SUPPLIES,0,0,1,0,0,0,0,0,0,0,0,0,0,0,0,0,0,0,0,0,0,0,0,0,0,0,0,0,0,0,0,0,0,0,0,0,5106541169,NA,NA,NA,NA,NA,"5686 Telegraph Ave, Oakland, California",NA,NA,Alameda County,CALIFORNIA,CA,NA,NA,NA,NA,NA,NA,NA,NA,NA,NA,NA,NA,NA,NA,NA,NA,NA,NA,NA,NA,NA,NA,NA,NA,NA,NA,NA,NA,NA,NA,NA,NA,NA,NA,NA,NA,NA,NA,NA,NA,NA,NA,NA,NA,NA,NA,NA,"c(-2260083.9996896, 352699.82857026)",ROOFTOP,6,1,400400,4004,Census Tract 4004,0,37.8482107,-122.2574628,G0600010400400,703688.1472,3714.552801,0.333333333,1,1,1,0,0,0,6001,41860,"San Francisco-Oakland-Hayward, CA",Metropolitan Statistical Area,Central,653000,Oakland,390724,1,1,1,0,1,1,1,1,1,1,1,0,0,1,1,1,1,0,0,0,0,0,420,2352,3957,96634.6568,485,1931,822139.36,1400.8024,42.72430534,78416.09,266,2554,282,97.8767478,10.4816571,75.91994835,12.10381832,6.63838283,63.7384577,4007,7.037684053,10.14021032,59.04550499,2.527767139,0.001263584,0.001263584,5,5,0.252716705,10,66,2,2,2,0,0,1,3,66.66666667,66.66666667,66.66666667,0,0,33.33333333,703688,0.005694285,economy,66.66666667,0,0,33.33333333,0,0,55.55555556,0,NA,0,NA,0,0,0,0,0,1,0,0,0
98,6075017601,2019,1000_001466,2019_153_01497,SOMA SECRETS,EROTICA / ADULT STORES / SAFE SEX SUPPLIES,0,0,0,1,0,0,0,0,0,0,0,0,0,0,0,0,0,0,0,0,0,0,0,0,0,0,0,0,0,0,0,0,0,0,0,0,4154955573,NA,NA,NA,NA,NA,"99 6th St, San Francisco, California",NA,NA,San Francisco County,CALIFORNIA,CA,NA,NA,NA,NA,NA,NA,NA,NA,NA,NA,NA,NA,NA,NA,NA,NA,NA,NA,NA,NA,NA,NA,NA,NA,NA,NA,NA,NA,NA,NA,NA,NA,NA,NA,NA,NA,NA,NA,NA,NA,NA,NA,NA,NA,NA,NA,NA,"c(-2274343.12991067, 349572.822532967)",ROOFTOP,6,75,17601,176.01,Census Tract 176.01,0,37.7794338,-122.4107241,G0600750017601,631205.7401,3999.282681,0.163265306,0,0,0,0,0,1,6075,41860,"San Francisco-Oakland-Hayward, CA",Metropolitan Statistical Area,Central,667000,San Francisco,805235,1,1,1,0,1,0,1,1,1,0,0,0,0,0,0,1,1,0,0,1,1,1,4132,3866,10219,41416.1208,2109,6998,446126.72,829.8312,42.72430534,78416.09,1107,2388,607,58.04515576,39.94972445,45.53592462,20.39060234,10.70289084,23.08807889,10343,5.868703471,21.59914918,95.0498395,1.093394077,0,0.004501419,0,46,0.450141893,46,72,5,5,5,0,0,9,14,35.71428571,35.71428571,35.71428571,0,0,64.28571429,631206,0.016386093,economy,50,0,21.42857143,21.42857143,7.142857143,0,34.69387755,0,NA,0,NA,0,0,0,0,0,1,0,1,0
99,6081610202,2019,1000_001468,2019_152_00931,SECRETS ADULT SUPERSTORE,EROTICA / ADULT STORES / SAFE SEX SUPPLIES,0,0,0,0,0,0,0,0,0,0,0,0,0,0,0,0,0,0,0,0,0,0,0,0,0,0,0,0,0,0,0,0,0,0,0,0,6503646913,NA,NA,NA,NA,NA,"739 El Camino Real, Redwood City, California",NA,NA,San Mateo County,CALIFORNIA,CA,NA,NA,NA,NA,NA,NA,NA,NA,NA,NA,NA,NA,NA,NA,NA,NA,NA,NA,NA,NA,NA,NA,NA,NA,NA,NA,NA,NA,NA,NA,NA,NA,NA,NA,NA,NA,NA,NA,NA,NA,NA,NA,NA,NA,NA,NA,NA,"c(-2268767.85713396, 313684.423130019)",ROOFTOP,6,81,610202,6102.02,Census Tract 6102.02,22700,37.4894625,-122.2304268,G0600810610202,1706415.682,9896.290539,1,0,0,0,0,0,1,6081,41860,"San Francisco-Oakland-Hayward, CA",Metropolitan Statistical Area,Central,660102,Redwood City,76815,1,1,0,0,0,0,0,NA,1,0,0,0,0,0,0,1,1,0,1,1,1,1,801,1906,3378,100661.7788,1049,1953,1479200.74,2399.2624,42.72430534,78416.09,169,1790,204,29.74910394,19.96012958,60.50793651,26.14004485,4.211313232,44.60503364,4013,5.083478694,15.30491415,98.48925044,4.74012474,0,0.002664298,0,9,0.26642984,9,114,0,0,0,0,0,1,1,0,0,0,0,0,100,1706413,0.002351717,economy,100,0,0,0,0,0,100,0,NA,0,NA,0,0,0,0,0,1,0,0,0
100,6075017802,2018,1000_001473,2018_120_03588,FOLSOM GULCH,"EROTICA (PRINT, VISUAL, TOYS, SAFE SEX) SEE ALSO LEATHER",0,0,0,0,0,0,0,0,0,0,0,0,0,0,0,0,0,0,0,0,0,0,0,0,0,0,0,0,0,0,0,0,0,0,0,0,4154956402,NA,NA,NA,NA,NA,"947 Folsom St, San Francisco, California",NA,NA,San Francisco County,CALIFORNIA,CA,NA,NA,NA,NA,NA,NA,NA,NA,NA,NA,NA,NA,NA,NA,NA,NA,NA,NA,NA,NA,NA,NA,NA,NA,NA,NA,NA,NA,NA,NA,NA,NA,NA,NA,NA,NA,NA,NA,NA,NA,NA,NA,NA,NA,NA,NA,NA,"c(-2274033.53557126, 349255.77388268)",ROOFTOP,6,75,17802,178.02,Census Tract 178.02,0,37.7760649,-122.4087033,G0600750017802,510135.6155,3415.6535,0.52,0,0,0,0,0,1,6075,41860,"San Francisco-Oakland-Hayward, CA",Metropolitan Statistical Area,Central,667000,San Francisco,805235,1,0,0,0,0,0,0,0,0,0,0,0,0,0,1,1,1,1,1,1,0,0,1710,2490,2535,57309.472,1117,2973,692236.16,1080.288,42.81511068,77124.0448,576,1919,460,60.1749075,29.57454168,52.54273053,19.31857489,9.961950882,33.18920789,5782,7.955724663,26.14798129,77.63313609,5.212464589,0,2.24852071,0,57,2.24852071,57,184,5,5,5,0,0,5,10,50,50,50,0,0,50,510134,0.011334277,economy,80,0,0,20,0,0,68,0,NA,0,NA,0,0,0,0,1,1,0,1,0
